110000,北京,,市,
110101,东城,110000,区,
110102,西城,110000,区,
110103,崇文,110000,区,
110104,宣武,110000,区,
110105,朝阳,110000,区,
110106,丰台,110000,区,
110107,石景山,110000,区,
110108,海淀,110000,区,
110109,门头沟,110000,区,
110111,房山,110000,区,
110112,通州,110000,区,
110113,顺义,110000,区,
110114,昌平,110000,区,
110115,大兴,110000,区,
110116,怀柔,110000,区,
110117,平谷,110000,区,
110228,密云,110000,县,
110229,延庆,110000,县,
120000,天津,,市,
120101,和平,120000,区,
120102,河东,120000,区,
120103,河西,120000,区,
120104,南开,120000,区,
120105,河北,120000,区,
120106,红桥,120000,区,
120107,塘沽,120000,区,
120108,汉沽,120000,区,
120109,大港,120000,区,
120110,东丽,120000,区,
120111,西青,120000,区,
120112,津南,120000,区,
120113,北辰,120000,区,
120114,武清,120000,区,
120115,宝坻,120000,区,
120221,宁河,120000,县,
120223,静海,120000,县,
120225,蓟县,120000,,
130000,河北,,省,
130100,石家庄,130000,市,
130102,长安,130100,区,
130103,桥东,130100,区,
130104,桥西,130100,区,
130105,新华,130100,区,
130107,井陉,130100,矿区,
130108,裕华,130100,区,
130121,井陉,130100,县,
130123,正定,130100,县,
130124,栾城,130100,县,
130125,行唐,130100,县,
130126,灵寿,130100,县,
130127,高邑,130100,县,
130128,深泽,130100,县,
130129,赞皇,130100,县,
130130,无极,130100,县,
130131,平山,130100,县,
130132,元氏,130100,县,
130133,赵县,130100,,
130181,辛集,130100,市,
130182,藁城,130100,市,
130183,晋州,130100,市,
130184,新乐,130100,市,
130185,鹿泉,130100,市,
130200,唐山,130000,市,
130202,路南,130200,区,
130203,路北,130200,区,
130204,古冶,130200,区,
130205,开平,130200,区,
130207,丰南,130200,区,
130208,丰润,130200,区,
130223,滦县,130200,,
130224,滦南,130200,县,
130225,乐亭,130200,县,
130227,迁西,130200,县,
130229,玉田,130200,县,
130230,唐海,130200,县,
130281,遵化,130200,市,
130283,迁安,130200,市,
130300,秦皇岛,130000,市,
130302,海港,130300,区,
130303,山海关,130300,区,
130304,北戴河,130300,区,
130321,青龙,130300,自治县,满族
130322,昌黎,130300,县,
130323,抚宁,130300,县,
130324,卢龙,130300,县,
130400,邯郸,130000,市,
130402,邯山,130400,区,
130403,丛台,130400,区,
130404,复兴,130400,区,
130406,峰峰,130400,矿区,
130421,邯郸,130400,县,
130423,临漳,130400,县,
130424,成安,130400,县,
130425,大名,130400,县,
130426,涉县,130400,,
130427,磁县,130400,,
130428,肥乡,130400,县,
130429,永年,130400,县,
130430,邱县,130400,,
130431,鸡泽,130400,县,
130432,广平,130400,县,
130433,馆陶,130400,县,
130434,魏县,130400,,
130435,曲周,130400,县,
130481,武安,130400,市,
130500,邢台,130000,市,
130502,桥东,130500,区,
130503,桥西,130500,区,
130521,邢台,130500,县,
130522,临城,130500,县,
130523,内丘,130500,县,
130524,柏乡,130500,县,
130525,隆尧,130500,县,
130526,任县,130500,,
130527,南和,130500,县,
130528,宁晋,130500,县,
130529,巨鹿,130500,县,
130530,新河,130500,县,
130531,广宗,130500,县,
130532,平乡,130500,县,
130533,威县,130500,,
130534,清河,130500,县,
130535,临西,130500,县,
130581,南宫,130500,市,
130582,沙河,130500,市,
130600,保定,130000,市,
130602,新市,130600,区,
130603,北市,130600,区,
130604,南市,130600,区,
130621,满城,130600,县,
130622,清苑,130600,县,
130623,涞水,130600,县,
130624,阜平,130600,县,
130625,徐水,130600,县,
130626,定兴,130600,县,
130627,唐县,130600,,
130628,高阳,130600,县,
130629,容城,130600,县,
130630,涞源,130600,县,
130631,望都,130600,县,
130632,安新,130600,县,
130633,易县,130600,,
130634,曲阳,130600,县,
130635,蠡县,130600,,
130636,顺平,130600,县,
130637,博野,130600,县,
130638,雄县,130600,,
130681,涿州,130600,市,
130682,定州,130600,市,
130683,安国,130600,市,
130684,高碑店,130600,市,
130700,张家口,130000,市,
130702,桥东,130700,区,
130703,桥西,130700,区,
130705,宣化,130700,区,
130706,下花园,130700,区,
130721,宣化,130700,县,
130722,张北,130700,县,
130723,康保,130700,县,
130724,沽源,130700,县,
130725,尚义,130700,县,
130726,蔚县,130700,,
130727,阳原,130700,县,
130728,怀安,130700,县,
130729,万全,130700,县,
130730,怀来,130700,县,
130731,涿鹿,130700,县,
130732,赤城,130700,县,
130733,崇礼,130700,县,
130800,承德,130000,市,
130802,双桥,130800,区,
130803,双滦,130800,区,
130804,鹰手营子,130800,矿区,
130821,承德,130800,县,
130822,兴隆,130800,县,
130823,平泉,130800,县,
130824,滦平,130800,县,
130825,隆化,130800,县,
130826,丰宁,130800,自治县,满族
130827,宽城,130800,自治县,满族
130828,围场,130800,自治县,满族蒙古族
130900,沧州,130000,市,
130902,新华,130900,区,
130903,运河,130900,区,
130921,沧县,130900,,
130922,青县,130900,,
130923,东光,130900,县,
130924,海兴,130900,县,
130925,盐山,130900,县,
130926,肃宁,130900,县,
130927,南皮,130900,县,
130928,吴桥,130900,县,
130929,献县,130900,,
130930,孟村,130900,自治县,回族
130981,泊头,130900,市,
130982,任丘,130900,市,
130983,黄骅,130900,市,
130984,河间,130900,市,
131000,廊坊,130000,市,
131002,安次,131000,区,
131003,广阳,131000,区,
131022,固安,131000,县,
131023,永清,131000,县,
131024,香河,131000,县,
131025,大城,131000,县,
131026,文安,131000,县,
131028,大厂,131000,自治县,回族
131081,霸州,131000,市,
131082,三河,131000,市,
131100,衡水,130000,市,
131102,桃城,131100,区,
131121,枣强,131100,县,
131122,武邑,131100,县,
131123,武强,131100,县,
131124,饶阳,131100,县,
131125,安平,131100,县,
131126,故城,131100,县,
131127,景县,131100,,
131128,阜城,131100,县,
131181,冀州,131100,市,
131182,深州,131100,市,
140000,山西,,省,
140100,太原,140000,市,
140105,小店,140100,区,
140106,迎泽,140100,区,
140107,杏花岭,140100,区,
140108,尖草坪,140100,区,
140109,万柏,140100,林区,
140110,晋源,140100,区,
140121,清徐,140100,县,
140122,阳曲,140100,县,
140123,娄烦,140100,县,
140181,古交,140100,市,
140200,大同,140000,市,
140202,城区,140200,,
140203,矿区,140200,,
140211,南郊,140200,区,
140212,新荣,140200,区,
140221,阳高,140200,县,
140222,天镇,140200,县,
140223,广灵,140200,县,
140224,灵丘,140200,县,
140225,浑源,140200,县,
140226,左云,140200,县,
140227,大同,140200,县,
140300,阳泉,140000,市,
140302,城区,140300,,
140303,矿区,140300,,
140311,郊区,140300,,
140321,平定,140300,县,
140322,盂县,140300,,
140400,长治,140000,市,
140402,城区,140400,,
140411,郊区,140400,,
140421,长治,140400,县,
140423,襄垣,140400,县,
140424,屯留,140400,县,
140425,平顺,140400,县,
140426,黎城,140400,县,
140427,壶关,140400,县,
140428,长子,140400,县,
140429,武乡,140400,县,
140430,沁县,140400,,
140431,沁源,140400,县,
140481,潞城,140400,市,
140500,晋城,140000,市,
140502,城区,140500,,
140521,沁水,140500,县,
140522,阳城,140500,县,
140524,陵川,140500,县,
140525,泽州,140500,县,
140581,高平,140500,市,
140600,朔州,140000,市,
140602,朔城,140600,区,
140603,平鲁,140600,区,
140621,山阴,140600,县,
140622,应县,140600,,
140623,右玉,140600,县,
140624,怀仁,140600,县,
140700,晋中,140000,市,
140702,榆次,140700,区,
140721,榆社,140700,县,
140722,左权,140700,县,
140723,和顺,140700,县,
140724,昔阳,140700,县,
140725,寿阳,140700,县,
140726,太谷,140700,县,
140727,祁县,140700,,
140728,平遥,140700,县,
140729,灵石,140700,县,
140781,介休,140700,市,
140800,运城,140000,市,
140802,盐湖,140800,区,
140821,临猗,140800,县,
140822,万荣,140800,县,
140823,闻喜,140800,县,
140824,稷山,140800,县,
140825,新绛,140800,县,
140826,绛县,140800,,
140827,垣曲,140800,县,
140828,夏县,140800,,
140829,平陆,140800,县,
140830,芮城,140800,县,
140881,永济,140800,市,
140882,河津,140800,市,
140900,忻州,140000,市,
140902,忻府,140900,区,
140921,定襄,140900,县,
140922,五台,140900,县,
140923,代县,140900,,
140924,繁峙,140900,县,
140925,宁武,140900,县,
140926,静乐,140900,县,
140927,神池,140900,县,
140928,五寨,140900,县,
140929,岢岚,140900,县,
140930,河曲,140900,县,
140931,保德,140900,县,
140932,偏关,140900,县,
140981,原平,140900,市,
141000,临汾,140000,市,
141002,尧都,141000,区,
141021,曲沃,141000,县,
141022,翼城,141000,县,
141023,襄汾,141000,县,
141024,洪洞,141000,县,
141025,古县,141000,,
141026,安泽,141000,县,
141027,浮山,141000,县,
141028,吉县,141000,,
141029,乡宁,141000,县,
141030,大宁,141000,县,
141031,隰县,141000,,
141032,永和,141000,县,
141033,蒲县,141000,,
141034,汾西,141000,县,
141081,侯马,141000,市,
141082,霍州,141000,市,
141100,吕梁,140000,市,
141102,离石,141100,区,
141121,文水,141100,县,
141122,交城,141100,县,
141123,兴县,141100,,
141124,临县,141100,,
141125,柳林,141100,县,
141126,石楼,141100,县,
141127,岚县,141100,,
141128,方山,141100,县,
141129,中阳,141100,县,
141130,交口,141100,县,
141181,孝义,141100,市,
141182,汾阳,141100,市,
150000,内蒙古,,自治区,
150100,呼和浩特,150000,市,
150102,新城,150100,区,
150103,回民,150100,区,
150104,玉泉,150100,区,
150105,赛罕,150100,区,
150121,土默特左,150100,旗,
150122,托克托,150100,县,
150123,和林格尔,150100,县,
150124,清水河,150100,县,
150125,武川,150100,县,
150200,包头,150000,市,
150202,东河,150200,区,
150203,昆都仑,150200,区,
150204,青山,150200,区,
150205,石拐,150200,区,
150206,白云,150200,矿区,
150207,九原,150200,区,
150221,土默特右,150200,旗,
150222,固阳,150200,县,
150223,达尔罕茂明安,150200,旗,联合
150300,乌海,150000,市,
150302,海勃湾,150300,区,
150303,海南,150300,区,
150304,乌达,150300,区,
150400,赤峰,150000,市,
150402,红山,150400,区,
150403,元宝山,150400,区,
150404,松山,150400,区,
150421,阿鲁科尔沁,150400,旗,
150422,巴林左,150400,旗,
150423,巴林右,150400,旗,
150424,林西,150400,县,
150425,克什克腾,150400,旗,
150426,翁牛特,150400,旗,
150428,喀喇沁,150400,旗,
150429,宁城,150400,县,
150430,敖汉,150400,旗,
150500,通辽,150000,市,
150502,科尔沁,150500,区,
150521,科尔沁左翼中,150500,旗,
150522,科尔沁左翼后,150500,旗,
150523,开鲁,150500,县,
150524,库伦,150500,旗,
150525,奈曼,150500,旗,
150526,扎鲁特,150500,旗,
150581,霍林郭勒,150500,市,
150600,鄂尔多斯,150000,市,
150602,东胜,150600,区,
150621,达拉特,150600,旗,
150622,准格尔,150600,旗,
150623,鄂托克前,150600,旗,
150624,鄂托克,150600,旗,
150625,杭锦,150600,旗,
150626,乌审,150600,旗,
150627,伊金霍洛,150600,旗,
150700,呼伦贝尔,150000,市,
150702,海拉尔,150700,区,
150721,阿荣,150700,旗,
150722,莫力达瓦,150700,自治旗,达斡尔族
150723,鄂伦春,150700,自治旗,
150724,鄂温克族,150700,自治旗,
150725,陈巴尔虎,150700,旗,
150726,新巴尔虎左,150700,旗,
150727,新巴尔虎右,150700,旗,
150781,满洲里,150700,市,
150782,牙克石,150700,市,
150783,扎兰屯,150700,市,
150784,额尔古纳,150700,市,
150785,根河,150700,市,
150800,巴彦淖尔,150000,市,
150802,临河,150800,区,
150821,五原,150800,县,
150822,磴口,150800,县,
150823,乌拉特前,150800,旗,
150824,乌拉特中,150800,旗,
150825,乌拉特后,150800,旗,
150826,杭锦后,150800,旗,
150900,乌兰察布,150000,市,
150902,集宁,150900,区,
150921,卓资,150900,县,
150922,化德,150900,县,
150923,商都,150900,县,
150924,兴和,150900,县,
150925,凉城,150900,县,
150926,察哈尔右翼前,150900,旗,
150927,察哈尔右翼中,150900,旗,
150928,察哈尔右翼后,150900,旗,
150929,四子王,150900,旗,
150981,丰镇,150900,市,
152200,兴安,150000,盟,
152201,乌兰浩特,152200,市,
152202,阿尔山,152200,市,
152221,科尔沁右翼前,152200,旗,
152222,科尔沁右翼中,152200,旗,
152223,扎赉特,152200,旗,
152224,突泉,152200,县,
152500,锡林郭勒,150000,盟,
152501,二连浩特,152500,市,
152502,锡林浩特,152500,市,
152522,阿巴嘎,152500,旗,
152523,苏尼特左,152500,旗,
152524,苏尼特右,152500,旗,
152525,东乌珠穆沁,152500,旗,
152526,西乌珠穆沁,152500,旗,
152527,太仆寺,152500,旗,
152528,镶黄,152500,旗,
152529,正镶白,152500,旗,
152530,正蓝,152500,旗,
152531,多伦,152500,县,
152900,阿拉善,150000,盟,
152921,阿拉善左,152900,旗,
152922,阿拉善右,152900,旗,
152923,额济纳,152900,旗,
210000,辽宁,,省,
210100,沈阳,210000,市,
210102,和平,210100,区,
210103,沈河,210100,区,
210104,大东,210100,区,
210105,皇姑,210100,区,
210106,铁西,210100,区,
210111,苏家屯,210100,区,
210112,东陵,210100,区,
210113,沈北新,210100,区,
210114,于洪,210100,区,
210122,辽中,210100,县,
210123,康平,210100,县,
210124,法库,210100,县,
210181,新民,210100,市,
210200,大连,210000,市,
210202,中山,210200,区,
210203,西岗,210200,区,
210204,沙河口,210200,区,
210211,甘井子,210200,区,
210212,旅顺口,210200,区,
210213,金州,210200,区,
210224,长海,210200,县,
210281,瓦房店,210200,市,
210282,普兰店,210200,市,
210283,庄河,210200,市,
210300,鞍山,210000,市,
210302,铁东,210300,区,
210303,铁西,210300,区,
210304,立山,210300,区,
210311,千山,210300,区,
210321,台安,210300,县,
210323,岫岩,210300,自治县,满族
210381,海城,210300,市,
210400,抚顺,210000,市,
210402,新抚,210400,区,
210403,东洲,210400,区,
210404,望花,210400,区,
210411,顺城,210400,区,
210421,抚顺,210400,县,
210422,新宾,210400,自治县,满族
210423,清原,210400,自治县,满族
210500,本溪,210000,市,
210502,平山,210500,区,
210503,溪湖,210500,区,
210504,明山,210500,区,
210505,南芬,210500,区,
210521,本溪,210500,自治县,满族
210522,桓仁,210500,自治县,满族
210600,丹东,210000,市,
210602,元宝,210600,区,
210603,振兴,210600,区,
210604,振安,210600,区,
210624,宽甸,210600,自治县,满族
210681,东港,210600,市,
210682,凤城,210600,市,
210700,锦州,210000,市,
210702,古塔,210700,区,
210703,凌河,210700,区,
210711,太和,210700,区,
210726,黑山,210700,县,
210727,义县,210700,,
210781,凌海,210700,市,
210782,北镇,210700,市,
210800,营口,210000,市,
210802,站前,210800,区,
210803,西市,210800,区,
210804,鲅鱼圈,210800,区,
210811,老边,210800,区,
210881,盖州,210800,市,
210882,大石桥,210800,市,
210900,阜新,210000,市,
210902,海州,210900,区,
210903,新邱,210900,区,
210904,太平,210900,区,
210905,清河门,210900,区,
210911,细河,210900,区,
210921,阜新,210900,自治县,蒙古族
210922,彰武,210900,县,
211000,辽阳,210000,市,
211002,白塔,211000,区,
211003,文圣,211000,区,
211004,宏伟,211000,区,
211005,弓长岭,211000,区,
211011,太子河,211000,区,
211021,辽阳,211000,县,
211081,灯塔,211000,市,
211100,盘锦,210000,市,
211102,双台子,211100,区,
211103,兴隆台,211100,区,
211121,大洼,211100,县,
211122,盘山,211100,县,
211200,铁岭,210000,市,
211202,银州,211200,区,
211204,清河,211200,区,
211221,铁岭,211200,县,
211223,西丰,211200,县,
211224,昌图,211200,县,
211281,调兵山,211200,市,
211282,开原,211200,市,
211300,朝阳,210000,市,
211302,双塔,211300,区,
211303,龙城,211300,区,
211321,朝阳,211300,县,
211322,建平,211300,县,
211324,喀喇沁左翼,211300,自治县,蒙古族
211381,北票,211300,市,
211382,凌源,211300,市,
211400,葫芦岛,210000,市,
211402,连山,211400,区,
211403,龙港,211400,区,
211404,南票,211400,区,
211421,绥中,211400,县,
211422,建昌,211400,县,
211481,兴城,211400,市,
220000,吉林,,省,
220100,长春,220000,市,
220102,南关,220100,区,
220103,宽城,220100,区,
220104,朝阳,220100,区,
220105,二道,220100,区,
220106,绿园,220100,区,
220112,双阳,220100,区,
220122,农安,220100,县,
220181,九台,220100,市,
220182,榆树,220100,市,
220183,德惠,220100,市,
220200,吉林,220000,市,
220202,昌邑,220200,区,
220203,龙潭,220200,区,
220204,船营,220200,区,
220211,丰满,220200,区,
220221,永吉,220200,县,
220281,蛟河,220200,市,
220282,桦甸,220200,市,
220283,舒兰,220200,市,
220284,磐石,220200,市,
220300,四平,220000,市,
220302,铁西,220300,区,
220303,铁东,220300,区,
220322,梨树,220300,县,
220323,伊通,220300,自治县,满族
220381,公主岭,220300,市,
220382,双辽,220300,市,
220400,辽源,220000,市,
220402,龙山,220400,区,
220403,西安,220400,区,
220421,东丰,220400,县,
220422,东辽,220400,县,
220500,通化,220000,市,
220502,东昌,220500,区,
220503,二道江,220500,区,
220521,通化,220500,县,
220523,辉南,220500,县,
220524,柳河,220500,县,
220581,梅河口,220500,市,
220582,集安,220500,市,
220600,白山,220000,市,
220602,八道江,220600,区,
220605,江源,220600,区,
220621,抚松,220600,县,
220622,靖宇,220600,县,
220623,长白,220600,自治县,朝鲜族
220681,临江,220600,市,
220700,松原,220000,市,
220702,宁江,220700,区,
220721,前郭尔罗斯,220700,自治县,蒙古族
220722,长岭,220700,县,
220723,乾安,220700,县,
220724,扶余,220700,县,
220800,白城,220000,市,
220802,洮北,220800,区,
220821,镇赉,220800,县,
220822,通榆,220800,县,
220881,洮南,220800,市,
220882,大安,220800,市,
222400,延边,220000,自治州,朝鲜族
222401,延吉,222400,市,
222402,图们,222400,市,
222403,敦化,222400,市,
222404,珲春,222400,市,
222405,龙井,222400,市,
222406,和龙,222400,市,
222424,汪清,222400,县,
222426,安图,222400,县,
230000,黑龙江,,省,
230100,哈尔滨,230000,市,
230102,道里,230100,区,
230103,南岗,230100,区,
230104,道外,230100,区,
230108,平房,230100,区,
230109,松北,230100,区,
230110,香坊,230100,区,
230111,呼兰,230100,区,
230112,阿城,230100,区,
230123,依兰,230100,县,
230124,方正,230100,县,
230125,宾县,230100,,
230126,巴彦,230100,县,
230127,木兰,230100,县,
230128,通河,230100,县,
230129,延寿,230100,县,
230182,双城,230100,市,
230183,尚志,230100,市,
230184,五常,230100,市,
230200,齐齐哈尔,230000,市,
230202,龙沙,230200,区,
230203,建华,230200,区,
230204,铁锋,230200,区,
230205,昂昂溪,230200,区,
230206,富拉尔基,230200,区,
230207,碾子山,230200,区,
230208,梅里斯,230200,区,达斡尔族
230221,龙江,230200,县,
230223,依安,230200,县,
230224,泰来,230200,县,
230225,甘南,230200,县,
230227,富裕,230200,县,
230229,克山,230200,县,
230230,克东,230200,县,
230231,拜泉,230200,县,
230281,讷河,230200,市,
230300,鸡西,230000,市,
230302,鸡冠,230300,区,
230303,恒山,230300,区,
230304,滴道,230300,区,
230305,梨树,230300,区,
230306,城子河,230300,区,
230307,麻山,230300,区,
230321,鸡东,230300,县,
230381,虎林,230300,市,
230382,密山,230300,市,
230400,鹤岗,230000,市,
230402,向阳,230400,区,
230403,工农,230400,区,
230404,南山,230400,区,
230405,兴安,230400,区,
230406,东山,230400,区,
230407,兴山,230400,区,
230421,萝北,230400,县,
230422,绥滨,230400,县,
230500,双鸭山,230000,市,
230502,尖山,230500,区,
230503,岭东,230500,区,
230505,四方台,230500,区,
230506,宝山,230500,区,
230521,集贤,230500,县,
230522,友谊,230500,县,
230523,宝清,230500,县,
230524,饶河,230500,县,
230600,大庆,230000,市,
230602,萨尔图,230600,区,
230603,龙凤,230600,区,
230604,让胡路,230600,区,
230605,红岗,230600,区,
230606,大同,230600,区,
230621,肇州,230600,县,
230622,肇源,230600,县,
230623,林甸,230600,县,
230624,杜尔伯特,230600,自治县,蒙古族
230700,伊春,230000,市,
230702,伊春,230700,区,
230703,南岔,230700,区,
230704,友好,230700,区,
230705,西林,230700,区,
230706,翠峦,230700,区,
230707,新青,230700,区,
230708,美溪,230700,区,
230709,金山屯,230700,区,
230710,五营,230700,区,
230711,乌马河,230700,区,
230712,汤旺河,230700,区,
230713,带岭,230700,区,
230714,乌伊岭,230700,区,
230715,红星,230700,区,
230716,上甘岭,230700,区,
230722,嘉荫,230700,县,
230781,铁力,230700,市,
230800,佳木斯,230000,市,
230803,向阳,230800,区,
230804,前进,230800,区,
230805,东风,230800,区,
230811,郊区,230800,,
230822,桦南,230800,县,
230826,桦川,230800,县,
230828,汤原,230800,县,
230833,抚远,230800,县,
230881,同江,230800,市,
230882,富锦,230800,市,
230900,七台河,230000,市,
230902,新兴,230900,区,
230903,桃山,230900,区,
230904,茄子河,230900,区,
230921,勃利,230900,县,
231000,牡丹江,230000,市,
231002,东安,231000,区,
231003,阳明,231000,区,
231004,爱民,231000,区,
231005,西安,231000,区,
231024,东宁,231000,县,
231025,林口,231000,县,
231081,绥芬河,231000,市,
231083,海林,231000,市,
231084,宁安,231000,市,
231085,穆棱,231000,市,
231100,黑河,230000,市,
231102,爱辉,231100,区,
231121,嫩江,231100,县,
231123,逊克,231100,县,
231124,孙吴,231100,县,
231181,北安,231100,市,
231182,五大连池,231100,市,
231200,绥化,230000,市,
231202,北林,231200,区,
231221,望奎,231200,县,
231222,兰西,231200,县,
231223,青冈,231200,县,
231224,庆安,231200,县,
231225,明水,231200,县,
231226,绥棱,231200,县,
231281,安达,231200,市,
231282,肇东,231200,市,
231283,海伦,231200,市,
232700,大兴安岭,230000,地区,
232701,加格达奇,232700,区,
232702,松岭,232700,区,
232703,新林,232700,区,
232704,呼中,232700,区,
232721,呼玛,232700,县,
232722,塔河,232700,县,
232723,漠河,232700,县,
310000,上海,,市,
310101,黄浦,310000,区,
310103,卢湾,310000,区,
310104,徐汇,310000,区,
310105,长宁,310000,区,
310106,静安,310000,区,
310107,普陀,310000,区,
310108,闸北,310000,区,
310109,虹口,310000,区,
310110,杨浦,310000,区,
310112,闵行,310000,区,
310113,宝山,310000,区,
310114,嘉定,310000,区,
310115,浦东新,310000,区,
310116,金山,310000,区,
310117,松江,310000,区,
310118,青浦,310000,区,
310119,南汇,310000,区,
310120,奉贤,310000,区,
310230,崇明,310000,县,
320000,江苏,,省,
320100,南京,320000,市,
320102,玄武,320100,区,
320103,白下,320100,区,
320104,秦淮,320100,区,
320105,建邺,320100,区,
320106,鼓楼,320100,区,
320107,下关,320100,区,
320111,浦口,320100,区,
320113,栖霞,320100,区,
320114,雨花台,320100,区,
320115,江宁,320100,区,
320116,六合,320100,区,
320124,溧水,320100,县,
320125,高淳,320100,县,
320200,无锡,320000,市,
320202,崇安,320200,区,
320203,南长,320200,区,
320204,北塘,320200,区,
320205,锡山,320200,区,
320206,惠山,320200,区,
320211,滨湖,320200,区,
320281,江阴,320200,市,
320282,宜兴,320200,市,
320300,徐州,320000,市,
320302,鼓楼,320300,区,
320303,云龙,320300,区,
320304,九里,320300,区,
320305,贾汪,320300,区,
320311,泉山,320300,区,
320321,丰县,320300,,
320322,沛县,320300,,
320323,铜山,320300,县,
320324,睢宁,320300,县,
320381,新沂,320300,市,
320382,邳州,320300,市,
320400,常州,320000,市,
320402,天宁,320400,区,
320404,钟楼,320400,区,
320405,戚墅堰,320400,区,
320411,新北,320400,区,
320412,武进,320400,区,
320481,溧阳,320400,市,
320482,金坛,320400,市,
320500,苏州,320000,市,
320502,沧浪,320500,区,
320503,平江,320500,区,
320504,金阊,320500,区,
320505,虎丘,320500,区,
320506,吴中,320500,区,
320507,相城,320500,区,
320581,常熟,320500,市,
320582,张家港,320500,市,
320583,昆山,320500,市,
320584,吴江,320500,市,
320585,太仓,320500,市,
320600,南通,320000,市,
320602,崇川,320600,区,
320611,港闸,320600,区,
320621,海安,320600,县,
320623,如东,320600,县,
320681,启东,320600,市,
320682,如皋,320600,市,
320683,通州,320600,市,
320684,海门,320600,市,
320700,连云港,320000,市,
320703,连云,320700,区,
320705,新浦,320700,区,
320706,海州,320700,区,
320721,赣榆,320700,县,
320722,东海,320700,县,
320723,灌云,320700,县,
320724,灌南,320700,县,
320800,淮安,320000,市,
320802,清河,320800,区,
320803,楚州,320800,区,
320804,淮阴,320800,区,
320811,清浦,320800,区,
320826,涟水,320800,县,
320829,洪泽,320800,县,
320830,盱眙,320800,县,
320831,金湖,320800,县,
320900,盐城,320000,市,
320902,亭湖,320900,区,
320903,盐都,320900,区,
320921,响水,320900,县,
320922,滨海,320900,县,
320923,阜宁,320900,县,
320924,射阳,320900,县,
320925,建湖,320900,县,
320981,东台,320900,市,
320982,大丰,320900,市,
321000,扬州,320000,市,
321002,广陵,321000,区,
321003,邗江,321000,区,
321011,维扬,321000,区,
321023,宝应,321000,县,
321081,仪征,321000,市,
321084,高邮,321000,市,
321088,江都,321000,市,
321100,镇江,320000,市,
321102,京口,321100,区,
321111,润州,321100,区,
321112,丹徒,321100,区,
321181,丹阳,321100,市,
321182,扬中,321100,市,
321183,句容,321100,市,
321200,泰州,320000,市,
321202,海陵,321200,区,
321203,高港,321200,区,
321281,兴化,321200,市,
321282,靖江,321200,市,
321283,泰兴,321200,市,
321284,姜堰,321200,市,
321300,宿迁,320000,市,
321302,宿城,321300,区,
321311,宿豫,321300,区,
321322,沭阳,321300,县,
321323,泗阳,321300,县,
321324,泗洪,321300,县,
330000,浙江,,省,
330100,杭州,330000,市,
330102,上城,330100,区,
330103,下城,330100,区,
330104,江干,330100,区,
330105,拱墅,330100,区,
330106,西湖,330100,区,
330108,滨江,330100,区,
330109,萧山,330100,区,
330110,余杭,330100,区,
330122,桐庐,330100,县,
330127,淳安,330100,县,
330182,建德,330100,市,
330183,富阳,330100,市,
330185,临安,330100,市,
330200,宁波,330000,市,
330203,海曙,330200,区,
330204,江东,330200,区,
330205,江北,330200,区,
330206,北仑,330200,区,
330211,镇海,330200,区,
330212,鄞州,330200,区,
330225,象山,330200,县,
330226,宁海,330200,县,
330281,余姚,330200,市,
330282,慈溪,330200,市,
330283,奉化,330200,市,
330300,温州,330000,市,
330302,鹿城,330300,区,
330303,龙湾,330300,区,
330304,瓯海,330300,区,
330322,洞头,330300,县,
330324,永嘉,330300,县,
330326,平阳,330300,县,
330327,苍南,330300,县,
330328,文成,330300,县,
330329,泰顺,330300,县,
330381,瑞安,330300,市,
330382,乐清,330300,市,
330400,嘉兴,330000,市,
330402,南湖,330400,区,
330411,秀洲,330400,区,
330421,嘉善,330400,县,
330424,海盐,330400,县,
330481,海宁,330400,市,
330482,平湖,330400,市,
330483,桐乡,330400,市,
330500,湖州,330000,市,
330502,吴兴,330500,区,
330503,南浔,330500,区,
330521,德清,330500,县,
330522,长兴,330500,县,
330523,安吉,330500,县,
330600,绍兴,330000,市,
330602,越城,330600,区,
330621,绍兴,330600,县,
330624,新昌,330600,县,
330681,诸暨,330600,市,
330682,上虞,330600,市,
330683,嵊州,330600,市,
330700,金华,330000,市,
330702,婺城,330700,区,
330703,金东,330700,区,
330723,武义,330700,县,
330726,浦江,330700,县,
330727,磐安,330700,县,
330781,兰溪,330700,市,
330782,义乌,330700,市,
330783,东阳,330700,市,
330784,永康,330700,市,
330800,衢州,330000,市,
330802,柯城,330800,区,
330803,衢江,330800,区,
330822,常山,330800,县,
330824,开化,330800,县,
330825,龙游,330800,县,
330881,江山,330800,市,
330900,舟山,330000,市,
330902,定海,330900,区,
330903,普陀,330900,区,
330921,岱山,330900,县,
330922,嵊泗,330900,县,
331000,台州,330000,市,
331002,椒江,331000,区,
331003,黄岩,331000,区,
331004,路桥,331000,区,
331021,玉环,331000,县,
331022,三门,331000,县,
331023,天台,331000,县,
331024,仙居,331000,县,
331081,温岭,331000,市,
331082,临海,331000,市,
331100,丽水,330000,市,
331102,莲都,331100,区,
331121,青田,331100,县,
331122,缙云,331100,县,
331123,遂昌,331100,县,
331124,松阳,331100,县,
331125,云和,331100,县,
331126,庆元,331100,县,
331127,景宁,331100,自治县,畲族
331181,龙泉,331100,市,
340000,安徽,,省,
340100,合肥,340000,市,
340102,瑶海,340100,区,
340103,庐阳,340100,区,
340104,蜀山,340100,区,
340111,包河,340100,区,
340121,长丰,340100,县,
340122,肥东,340100,县,
340123,肥西,340100,县,
340200,芜湖,340000,市,
340202,镜湖,340200,区,
340203,弋江,340200,区,
340207,鸠江,340200,区,
340208,三山,340200,区,
340221,芜湖,340200,县,
340222,繁昌,340200,县,
340223,南陵,340200,县,
340300,蚌埠,340000,市,
340302,龙子湖,340300,区,
340303,蚌山,340300,区,
340304,禹会,340300,区,
340311,淮上,340300,区,
340321,怀远,340300,县,
340322,五河,340300,县,
340323,固镇,340300,县,
340400,淮南,340000,市,
340402,大通,340400,区,
340403,田家庵,340400,区,
340404,谢家集,340400,区,
340405,八公山,340400,区,
340406,潘集,340400,区,
340421,凤台,340400,县,
340500,马鞍山,340000,市,
340502,金家庄,340500,区,
340503,花山,340500,区,
340504,雨山,340500,区,
340521,当涂,340500,县,
340600,淮北,340000,市,
340602,杜集,340600,区,
340603,相山,340600,区,
340604,烈山,340600,区,
340621,濉溪,340600,县,
340700,铜陵,340000,市,
340702,铜官山,340700,区,
340703,狮子山,340700,区,
340711,郊区,340700,,
340721,铜陵,340700,县,
340800,安庆,340000,市,
340802,迎江,340800,区,
340803,大观,340800,区,
340811,宜秀,340800,区,
340822,怀宁,340800,县,
340823,枞阳,340800,县,
340824,潜山,340800,县,
340825,太湖,340800,县,
340826,宿松,340800,县,
340827,望江,340800,县,
340828,岳西,340800,县,
340881,桐城,340800,市,
341000,黄山,340000,市,
341002,屯溪,341000,区,
341003,黄山,341000,区,
341004,徽州,341000,区,
341021,歙县,341000,,
341022,休宁,341000,县,
341023,黟县,341000,,
341024,祁门,341000,县,
341100,滁州,340000,市,
341102,琅琊,341100,区,
341103,南谯,341100,区,
341122,来安,341100,县,
341124,全椒,341100,县,
341125,定远,341100,县,
341126,凤阳,341100,县,
341181,天长,341100,市,
341182,明光,341100,市,
341200,阜阳,340000,市,
341202,颍州,341200,区,
341203,颍东,341200,区,
341204,颍泉,341200,区,
341221,临泉,341200,县,
341222,太和,341200,县,
341225,阜南,341200,县,
341226,颍上,341200,县,
341282,界首,341200,市,
341300,宿州,340000,市,
341302,埇桥,341300,区,
341321,砀山,341300,县,
341322,萧县,341300,,
341323,灵璧,341300,县,
341324,泗县,341300,,
341400,巢湖,340000,市,
341402,居巢,341400,区,
341421,庐江,341400,县,
341422,无为,341400,县,
341423,含山,341400,县,
341424,和县,341400,,
341500,六安,340000,市,
341502,金安,341500,区,
341503,裕安,341500,区,
341521,寿县,341500,,
341522,霍邱,341500,县,
341523,舒城,341500,县,
341524,金寨,341500,县,
341525,霍山,341500,县,
341600,亳州,340000,市,
341602,谯城,341600,区,
341621,涡阳,341600,县,
341622,蒙城,341600,县,
341623,利辛,341600,县,
341700,池州,340000,市,
341702,贵池,341700,区,
341721,东至,341700,县,
341722,石台,341700,县,
341723,青阳,341700,县,
341800,宣城,340000,市,
341802,宣州,341800,区,
341821,郎溪,341800,县,
341822,广德,341800,县,
341823,泾县,341800,,
341824,绩溪,341800,县,
341825,旌德,341800,县,
341881,宁国,341800,市,
350000,福建,,省,
350100,福州,350000,市,
350102,鼓楼,350100,区,
350103,台江,350100,区,
350104,仓山,350100,区,
350105,马尾,350100,区,
350111,晋安,350100,区,
350121,闽侯,350100,县,
350122,连江,350100,县,
350123,罗源,350100,县,
350124,闽清,350100,县,
350125,永泰,350100,县,
350128,平潭,350100,县,
350181,福清,350100,市,
350182,长乐,350100,市,
350200,厦门,350000,市,
350203,思明,350200,区,
350205,海沧,350200,区,
350206,湖里,350200,区,
350211,集美,350200,区,
350212,同安,350200,区,
350213,翔安,350200,区,
350300,莆田,350000,市,
350302,城厢,350300,区,
350303,涵江,350300,区,
350304,荔城,350300,区,
350305,秀屿,350300,区,
350322,仙游,350300,县,
350400,三明,350000,市,
350402,梅列,350400,区,
350403,三元,350400,区,
350421,明溪,350400,县,
350423,清流,350400,县,
350424,宁化,350400,县,
350425,大田,350400,县,
350426,尤溪,350400,县,
350427,沙县,350400,,
350428,将乐,350400,县,
350429,泰宁,350400,县,
350430,建宁,350400,县,
350481,永安,350400,市,
350500,泉州,350000,市,
350502,鲤城,350500,区,
350503,丰泽,350500,区,
350504,洛江,350500,区,
350505,泉港,350500,区,
350521,惠安,350500,县,
350524,安溪,350500,县,
350525,永春,350500,县,
350526,德化,350500,县,
350527,金门,350500,县,
350581,石狮,350500,市,
350582,晋江,350500,市,
350583,南安,350500,市,
350600,漳州,350000,市,
350602,芗城,350600,区,
350603,龙文,350600,区,
350622,云霄,350600,县,
350623,漳浦,350600,县,
350624,诏安,350600,县,
350625,长泰,350600,县,
350626,东山,350600,县,
350627,南靖,350600,县,
350628,平和,350600,县,
350629,华安,350600,县,
350681,龙海,350600,市,
350700,南平,350000,市,
350702,延平,350700,区,
350721,顺昌,350700,县,
350722,浦城,350700,县,
350723,光泽,350700,县,
350724,松溪,350700,县,
350725,政和,350700,县,
350781,邵武,350700,市,
350782,武夷山,350700,市,
350783,建瓯,350700,市,
350784,建阳,350700,市,
350800,龙岩,350000,市,
350802,新罗,350800,区,
350821,长汀,350800,县,
350822,永定,350800,县,
350823,上杭,350800,县,
350824,武平,350800,县,
350825,连城,350800,县,
350881,漳平,350800,市,
350900,宁德,350000,市,
350902,蕉城,350900,区,
350921,霞浦,350900,县,
350922,古田,350900,县,
350923,屏南,350900,县,
350924,寿宁,350900,县,
350925,周宁,350900,县,
350926,柘荣,350900,县,
350981,福安,350900,市,
350982,福鼎,350900,市,
360000,江西,,省,
360100,南昌,360000,市,
360102,东湖,360100,区,
360103,西湖,360100,区,
360104,青云谱,360100,区,
360105,湾里,360100,区,
360111,青山湖,360100,区,
360121,南昌,360100,县,
360122,新建,360100,县,
360123,安义,360100,县,
360124,进贤,360100,县,
360200,景德镇,360000,市,
360202,昌江,360200,区,
360203,珠山,360200,区,
360222,浮梁,360200,县,
360281,乐平,360200,市,
360300,萍乡,360000,市,
360302,安源,360300,区,
360313,湘东,360300,区,
360321,莲花,360300,县,
360322,上栗,360300,县,
360323,芦溪,360300,县,
360400,九江,360000,市,
360402,庐山,360400,区,
360403,浔阳,360400,区,
360421,九江,360400,县,
360423,武宁,360400,县,
360424,修水,360400,县,
360425,永修,360400,县,
360426,德安,360400,县,
360427,星子,360400,县,
360428,都昌,360400,县,
360429,湖口,360400,县,
360430,彭泽,360400,县,
360481,瑞昌,360400,市,
360500,新余,360000,市,
360502,渝水,360500,区,
360521,分宜,360500,县,
360600,鹰潭,360000,市,
360602,月湖,360600,区,
360622,余江,360600,县,
360681,贵溪,360600,市,
360700,赣州,360000,市,
360702,章贡,360700,区,
360721,赣县,360700,,
360722,信丰,360700,县,
360723,大余,360700,县,
360724,上犹,360700,县,
360725,崇义,360700,县,
360726,安远,360700,县,
360727,龙南,360700,县,
360728,定南,360700,县,
360729,全南,360700,县,
360730,宁都,360700,县,
360731,于都,360700,县,
360732,兴国,360700,县,
360733,会昌,360700,县,
360734,寻乌,360700,县,
360735,石城,360700,县,
360781,瑞金,360700,市,
360782,南康,360700,市,
360800,吉安,360000,市,
360802,吉州,360800,区,
360803,青原,360800,区,
360821,吉安,360800,县,
360822,吉水,360800,县,
360823,峡江,360800,县,
360824,新干,360800,县,
360825,永丰,360800,县,
360826,泰和,360800,县,
360827,遂川,360800,县,
360828,万安,360800,县,
360829,安福,360800,县,
360830,永新,360800,县,
360881,井冈山,360800,市,
360900,宜春,360000,市,
360902,袁州,360900,区,
360921,奉新,360900,县,
360922,万载,360900,县,
360923,上高,360900,县,
360924,宜丰,360900,县,
360925,靖安,360900,县,
360926,铜鼓,360900,县,
360981,丰城,360900,市,
360982,樟树,360900,市,
360983,高安,360900,市,
361000,抚州,360000,市,
361002,临川,361000,区,
361021,南城,361000,县,
361022,黎川,361000,县,
361023,南丰,361000,县,
361024,崇仁,361000,县,
361025,乐安,361000,县,
361026,宜黄,361000,县,
361027,金溪,361000,县,
361028,资溪,361000,县,
361029,东乡,361000,县,
361030,广昌,361000,县,
361100,上饶,360000,市,
361102,信州,361100,区,
361121,上饶,361100,县,
361122,广丰,361100,县,
361123,玉山,361100,县,
361124,铅山,361100,县,
361125,横峰,361100,县,
361126,弋阳,361100,县,
361127,余干,361100,县,
361128,鄱阳,361100,县,
361129,万年,361100,县,
361130,婺源,361100,县,
361181,德兴,361100,市,
370000,山东,,省,
370100,济南,370000,市,
370102,历下,370100,区,
370103,市中,370100,区,
370104,槐荫,370100,区,
370105,天桥,370100,区,
370112,历城,370100,区,
370113,长清,370100,区,
370124,平阴,370100,县,
370125,济阳,370100,县,
370126,商河,370100,县,
370181,章丘,370100,市,
370200,青岛,370000,市,
370202,市南,370200,区,
370203,市北,370200,区,
370205,四方,370200,区,
370211,黄岛,370200,区,
370212,崂山,370200,区,
370213,李沧,370200,区,
370214,城阳,370200,区,
370281,胶州,370200,市,
370282,即墨,370200,市,
370283,平度,370200,市,
370284,胶南,370200,市,
370285,莱西,370200,市,
370300,淄博,370000,市,
370302,淄川,370300,区,
370303,张店,370300,区,
370304,博山,370300,区,
370305,临淄,370300,区,
370306,周村,370300,区,
370321,桓台,370300,县,
370322,高青,370300,县,
370323,沂源,370300,县,
370400,枣庄,370000,市,
370402,市中,370400,区,
370403,薛城,370400,区,
370404,峄城,370400,区,
370405,台儿庄,370400,区,
370406,山亭,370400,区,
370481,滕州,370400,市,
370500,东营,370000,市,
370502,东营,370500,区,
370503,河口,370500,区,
370521,垦利,370500,县,
370522,利津,370500,县,
370523,广饶,370500,县,
370600,烟台,370000,市,
370602,芝罘,370600,区,
370611,福山,370600,区,
370612,牟平,370600,区,
370613,莱山,370600,区,
370634,长岛,370600,县,
370681,龙口,370600,市,
370682,莱阳,370600,市,
370683,莱州,370600,市,
370684,蓬莱,370600,市,
370685,招远,370600,市,
370686,栖霞,370600,市,
370687,海阳,370600,市,
370700,潍坊,370000,市,
370702,潍城,370700,区,
370703,寒亭,370700,区,
370704,坊子,370700,区,
370705,奎文,370700,区,
370724,临朐,370700,县,
370725,昌乐,370700,县,
370781,青州,370700,市,
370782,诸城,370700,市,
370783,寿光,370700,市,
370784,安丘,370700,市,
370785,高密,370700,市,
370786,昌邑,370700,市,
370800,济宁,370000,市,
370802,市中,370800,区,
370811,任城,370800,区,
370826,微山,370800,县,
370827,鱼台,370800,县,
370828,金乡,370800,县,
370829,嘉祥,370800,县,
370830,汶上,370800,县,
370831,泗水,370800,县,
370832,梁山,370800,县,
370881,曲阜,370800,市,
370882,兖州,370800,市,
370883,邹城,370800,市,
370900,泰安,370000,市,
370902,泰山,370900,区,
370911,岱岳,370900,区,
370921,宁阳,370900,县,
370923,东平,370900,县,
370982,新泰,370900,市,
370983,肥城,370900,市,
371000,威海,370000,市,
371002,环翠,371000,区,
371081,文登,371000,市,
371082,荣成,371000,市,
371083,乳山,371000,市,
371100,日照,370000,市,
371102,东港,371100,区,
371103,岚山,371100,区,
371121,五莲,371100,县,
371122,莒县,371100,,
371200,莱芜,370000,市,
371202,莱城,371200,区,
371203,钢城,371200,区,
371300,临沂,370000,市,
371302,兰山,371300,区,
371311,罗庄,371300,区,
371312,河东,371300,区,
371321,沂南,371300,县,
371322,郯城,371300,县,
371323,沂水,371300,县,
371324,苍山,371300,县,
371325,费县,371300,,
371326,平邑,371300,县,
371327,莒南,371300,县,
371328,蒙阴,371300,县,
371329,临沭,371300,县,
371400,德州,370000,市,
371402,德城,371400,区,
371421,陵县,371400,,
371422,宁津,371400,县,
371423,庆云,371400,县,
371424,临邑,371400,县,
371425,齐河,371400,县,
371426,平原,371400,县,
371427,夏津,371400,县,
371428,武城,371400,县,
371481,乐陵,371400,市,
371482,禹城,371400,市,
371500,聊城,370000,市,
371502,东昌府,371500,区,
371521,阳谷,371500,县,
371522,莘县,371500,,
371523,茌平,371500,县,
371524,东阿,371500,县,
371525,冠县,371500,,
371526,高唐,371500,县,
371581,临清,371500,市,
371600,滨州,370000,市,
371602,滨城,371600,区,
371621,惠民,371600,县,
371622,阳信,371600,县,
371623,无棣,371600,县,
371624,沾化,371600,县,
371625,博兴,371600,县,
371626,邹平,371600,县,
371700,菏泽,370000,市,
371702,牡丹,371700,区,
371721,曹县,371700,,
371722,单县,371700,,
371723,成武,371700,县,
371724,巨野,371700,县,
371725,郓城,371700,县,
371726,鄄城,371700,县,
371727,定陶,371700,县,
371728,东明,371700,县,
410000,河南,,省,
410100,郑州,410000,市,
410102,中原,410100,区,
410103,二七,410100,区,
410104,管城,410100,区,回族
410105,金水,410100,区,
410106,上街,410100,区,
410108,惠济,410100,区,
410122,中牟,410100,县,
410181,巩义,410100,市,
410182,荥阳,410100,市,
410183,新密,410100,市,
410184,新郑,410100,市,
410185,登封,410100,市,
410200,开封,410000,市,
410202,龙亭,410200,区,
410203,顺河,410200,区,回族
410204,鼓楼,410200,区,
410205,禹王台,410200,区,
410211,金明,410200,区,
410221,杞县,410200,,
410222,通许,410200,县,
410223,尉氏,410200,县,
410224,开封,410200,县,
410225,兰考,410200,县,
410300,洛阳,410000,市,
410302,老城,410300,区,
410303,西工,410300,区,
410304,瀍河,410300,区,回族
410305,涧西,410300,区,
410306,吉利,410300,区,
410311,洛龙,410300,区,
410322,孟津,410300,县,
410323,新安,410300,县,
410324,栾川,410300,县,
410325,嵩县,410300,,
410326,汝阳,410300,县,
410327,宜阳,410300,县,
410328,洛宁,410300,县,
410329,伊川,410300,县,
410381,偃师,410300,市,
410400,平顶山,410000,市,
410402,新华,410400,区,
410403,卫东,410400,区,
410404,石龙,410400,区,
410411,湛河,410400,区,
410421,宝丰,410400,县,
410422,叶县,410400,,
410423,鲁山,410400,县,
410425,郏县,410400,,
410481,舞钢,410400,市,
410482,汝州,410400,市,
410500,安阳,410000,市,
410502,文峰,410500,区,
410503,北关,410500,区,
410505,殷都,410500,区,
410506,龙安,410500,区,
410522,安阳,410500,县,
410523,汤阴,410500,县,
410526,滑县,410500,,
410527,内黄,410500,县,
410581,林州,410500,市,
410600,鹤壁,410000,市,
410602,鹤山,410600,区,
410603,山城,410600,区,
410611,淇滨,410600,区,
410621,浚县,410600,,
410622,淇县,410600,,
410700,新乡,410000,市,
410702,红旗,410700,区,
410703,卫滨,410700,区,
410704,凤泉,410700,区,
410711,牧野,410700,区,
410721,新乡,410700,县,
410724,获嘉,410700,县,
410725,原阳,410700,县,
410726,延津,410700,县,
410727,封丘,410700,县,
410728,长垣,410700,县,
410781,卫辉,410700,市,
410782,辉县,410700,市,
410800,焦作,410000,市,
410802,解放,410800,区,
410803,中站,410800,区,
410804,马村,410800,区,
410811,山阳,410800,区,
410821,修武,410800,县,
410822,博爱,410800,县,
410823,武陟,410800,县,
410825,温县,410800,,
410881,济源,410800,市,
410882,沁阳,410800,市,
410883,孟州,410800,市,
410900,濮阳,410000,市,
410902,华龙,410900,区,
410922,清丰,410900,县,
410923,南乐,410900,县,
410926,范县,410900,,
410927,台前,410900,县,
410928,濮阳,410900,县,
411000,许昌,410000,市,
411002,魏都,411000,区,
411023,许昌,411000,县,
411024,鄢陵,411000,县,
411025,襄城,411000,县,
411081,禹州,411000,市,
411082,长葛,411000,市,
411100,漯河,410000,市,
411102,源汇,411100,区,
411103,郾城,411100,区,
411104,召陵,411100,区,
411121,舞阳,411100,县,
411122,临颍,411100,县,
411200,三门峡,410000,市,
411202,湖滨,411200,区,
411221,渑池,411200,县,
411222,陕县,411200,,
411224,卢氏,411200,县,
411281,义马,411200,市,
411282,灵宝,411200,市,
411300,南阳,410000,市,
411302,宛城,411300,区,
411303,卧龙,411300,区,
411321,南召,411300,县,
411322,方城,411300,县,
411323,西峡,411300,县,
411324,镇平,411300,县,
411325,内乡,411300,县,
411326,淅川,411300,县,
411327,社旗,411300,县,
411328,唐河,411300,县,
411329,新野,411300,县,
411330,桐柏,411300,县,
411381,邓州,411300,市,
411400,商丘,410000,市,
411402,梁园,411400,区,
411403,睢阳,411400,区,
411421,民权,411400,县,
411422,睢县,411400,,
411423,宁陵,411400,县,
411424,柘城,411400,县,
411425,虞城,411400,县,
411426,夏邑,411400,县,
411481,永城,411400,市,
411500,信阳,410000,市,
411502,浉河,411500,区,
411503,平桥,411500,区,
411521,罗山,411500,县,
411522,光山,411500,县,
411523,新县,411500,,
411524,商城,411500,县,
411525,固始,411500,县,
411526,潢川,411500,县,
411527,淮滨,411500,县,
411528,息县,411500,,
411600,周口,410000,市,
411602,川汇,411600,区,
411621,扶沟,411600,县,
411622,西华,411600,县,
411623,商水,411600,县,
411624,沈丘,411600,县,
411625,郸城,411600,县,
411626,淮阳,411600,县,
411627,太康,411600,县,
411628,鹿邑,411600,县,
411681,项城,411600,市,
411700,驻马店,410000,市,
411702,驿城,411700,区,
411721,西平,411700,县,
411722,上蔡,411700,县,
411723,平舆,411700,县,
411724,正阳,411700,县,
411725,确山,411700,县,
411726,泌阳,411700,县,
411727,汝南,411700,县,
411728,遂平,411700,县,
411729,新蔡,411700,县,
420000,湖北,,省,
420100,武汉,420000,市,
420102,江岸,420100,区,
420103,江汉,420100,区,
420104,硚口,420100,区,
420105,汉阳,420100,区,
420106,武昌,420100,区,
420107,青山,420100,区,
420111,洪山,420100,区,
420112,东西湖,420100,区,
420113,汉南,420100,区,
420114,蔡甸,420100,区,
420115,江夏,420100,区,
420116,黄陂,420100,区,
420117,新洲,420100,区,
420200,黄石,420000,市,
420202,黄石港,420200,区,
420203,西塞山,420200,区,
420204,下陆,420200,区,
420205,铁山,420200,区,
420222,阳新,420200,县,
420281,大冶,420200,市,
420300,十堰,420000,市,
420302,茅箭,420300,区,
420303,张湾,420300,区,
420321,郧县,420300,,
420322,郧西,420300,县,
420323,竹山,420300,县,
420324,竹溪,420300,县,
420325,房县,420300,,
420381,丹江口,420300,市,
420500,宜昌,420000,市,
420502,西陵,420500,区,
420503,伍家岗,420500,区,
420504,点军,420500,区,
420505,猇亭,420500,区,
420506,夷陵,420500,区,
420525,远安,420500,县,
420526,兴山,420500,县,
420527,秭归,420500,县,
420528,长阳,420500,自治县,土家族
420529,五峰,420500,自治县,土家族
420581,宜都,420500,市,
420582,当阳,420500,市,
420583,枝江,420500,市,
420600,襄樊,420000,市,
420602,襄城,420600,区,
420606,樊城,420600,区,
420607,襄阳,420600,区,
420624,南漳,420600,县,
420625,谷城,420600,县,
420626,保康,420600,县,
420682,老河口,420600,市,
420683,枣阳,420600,市,
420684,宜城,420600,市,
420700,鄂州,420000,市,
420702,梁子湖,420700,区,
420703,华容,420700,区,
420704,鄂城,420700,区,
420800,荆门,420000,市,
420802,东宝,420800,区,
420804,掇刀,420800,区,
420821,京山,420800,县,
420822,沙洋,420800,县,
420881,钟祥,420800,市,
420900,孝感,420000,市,
420902,孝南,420900,区,
420921,孝昌,420900,县,
420922,大悟,420900,县,
420923,云梦,420900,县,
420981,应城,420900,市,
420982,安陆,420900,市,
420984,汉川,420900,市,
421000,荆州,420000,市,
421002,沙市,421000,区,
421003,荆州,421000,区,
421022,公安,421000,县,
421023,监利,421000,县,
421024,江陵,421000,县,
421081,石首,421000,市,
421083,洪湖,421000,市,
421087,松滋,421000,市,
421100,黄冈,420000,市,
421102,黄州,421100,区,
421121,团风,421100,县,
421122,红安,421100,县,
421123,罗田,421100,县,
421124,英山,421100,县,
421125,浠水,421100,县,
421126,蕲春,421100,县,
421127,黄梅,421100,县,
421181,麻城,421100,市,
421182,武穴,421100,市,
421200,咸宁,420000,市,
421202,咸安,421200,区,
421221,嘉鱼,421200,县,
421222,通城,421200,县,
421223,崇阳,421200,县,
421224,通山,421200,县,
421281,赤壁,421200,市,
421300,随州,420000,市,
421302,曾都,421300,区,
421381,广水,421300,市,
422800,恩施,420000,自治州,土家族苗族
422801,恩施,422800,市,
422802,利川,422800,市,
422822,建始,422800,县,
422823,巴东,422800,县,
422825,宣恩,422800,县,
422826,咸丰,422800,县,
422827,来凤,422800,县,
422828,鹤峰,422800,县,
429004,仙桃,420000,市,
429005,潜江,420000,市,
429006,天门,420000,市,
429021,神农架,420000,林区,
430000,湖南,,省,
430100,长沙,430000,市,
430102,芙蓉,430100,区,
430103,天心,430100,区,
430104,岳麓,430100,区,
430105,开福,430100,区,
430111,雨花,430100,区,
430121,长沙,430100,县,
430122,望城,430100,县,
430124,宁乡,430100,县,
430181,浏阳,430100,市,
430200,株洲,430000,市,
430202,荷塘,430200,区,
430203,芦淞,430200,区,
430204,石峰,430200,区,
430211,天元,430200,区,
430221,株洲,430200,县,
430223,攸县,430200,,
430224,茶陵,430200,县,
430225,炎陵,430200,县,
430281,醴陵,430200,市,
430300,湘潭,430000,市,
430302,雨湖,430300,区,
430304,岳塘,430300,区,
430321,湘潭,430300,县,
430381,湘乡,430300,市,
430382,韶山,430300,市,
430400,衡阳,430000,市,
430405,珠晖,430400,区,
430406,雁峰,430400,区,
430407,石鼓,430400,区,
430408,蒸湘,430400,区,
430412,南岳,430400,区,
430421,衡阳,430400,县,
430422,衡南,430400,县,
430423,衡山,430400,县,
430424,衡东,430400,县,
430426,祁东,430400,县,
430481,耒阳,430400,市,
430482,常宁,430400,市,
430500,邵阳,430000,市,
430502,双清,430500,区,
430503,大祥,430500,区,
430511,北塔,430500,区,
430521,邵东,430500,县,
430522,新邵,430500,县,
430523,邵阳,430500,县,
430524,隆回,430500,县,
430525,洞口,430500,县,
430527,绥宁,430500,县,
430528,新宁,430500,县,
430529,城步,430500,自治县,苗族
430581,武冈,430500,市,
430600,岳阳,430000,市,
430602,岳阳楼,430600,区,
430603,云溪,430600,区,
430611,君山,430600,区,
430621,岳阳,430600,县,
430623,华容,430600,县,
430624,湘阴,430600,县,
430626,平江,430600,县,
430681,汨罗,430600,市,
430682,临湘,430600,市,
430700,常德,430000,市,
430702,武陵,430700,区,
430703,鼎城,430700,区,
430721,安乡,430700,县,
430722,汉寿,430700,县,
430723,澧县,430700,,
430724,临澧,430700,县,
430725,桃源,430700,县,
430726,石门,430700,县,
430781,津市,430700,市,
430800,张家界,430000,市,
430802,永定,430800,区,
430811,武陵源,430800,区,
430821,慈利,430800,县,
430822,桑植,430800,县,
430900,益阳,430000,市,
430902,资阳,430900,区,
430903,赫山,430900,区,
430921,南县,430900,,
430922,桃江,430900,县,
430923,安化,430900,县,
430981,沅江,430900,市,
431000,郴州,430000,市,
431002,北湖,431000,区,
431003,苏仙,431000,区,
431021,桂阳,431000,县,
431022,宜章,431000,县,
431023,永兴,431000,县,
431024,嘉禾,431000,县,
431025,临武,431000,县,
431026,汝城,431000,县,
431027,桂东,431000,县,
431028,安仁,431000,县,
431081,资兴,431000,市,
431100,永州,430000,市,
431102,零陵,431100,区,
431103,冷水滩,431100,区,
431121,祁阳,431100,县,
431122,东安,431100,县,
431123,双牌,431100,县,
431124,道县,431100,,
431125,江永,431100,县,
431126,宁远,431100,县,
431127,蓝山,431100,县,
431128,新田,431100,县,
431129,江华,431100,自治县,瑶族
431200,怀化,430000,市,
431202,鹤城,431200,区,
431221,中方,431200,县,
431222,沅陵,431200,县,
431223,辰溪,431200,县,
431224,溆浦,431200,县,
431225,会同,431200,县,
431226,麻阳,431200,自治县,苗族
431227,新晃,431200,自治县,侗族
431228,芷江,431200,自治县,侗族
431229,靖州,431200,自治县,苗族侗族
431230,通道,431200,自治县,侗族
431281,洪江,431200,市,
431300,娄底,430000,市,
431302,娄星,431300,区,
431321,双峰,431300,县,
431322,新化,431300,县,
431381,冷水江,431300,市,
431382,涟源,431300,市,
433100,湘西,430000,自治州,土家族苗族
433101,吉首,433100,市,
433122,泸溪,433100,县,
433123,凤凰,433100,县,
433124,花垣,433100,县,
433125,保靖,433100,县,
433126,古丈,433100,县,
433127,永顺,433100,县,
433130,龙山,433100,县,
440000,广东,,省,
440100,广州,440000,市,
440103,荔湾,440100,区,
440104,越秀,440100,区,
440105,海珠,440100,区,
440106,天河,440100,区,
440111,白云,440100,区,
440112,黄埔,440100,区,
440113,番禺,440100,区,
440114,花都,440100,区,
440115,南沙,440100,区,
440116,萝岗,440100,区,
440183,增城,440100,市,
440184,从化,440100,市,
440200,韶关,440000,市,
440203,武江,440200,区,
440204,浈江,440200,区,
440205,曲江,440200,区,
440222,始兴,440200,县,
440224,仁化,440200,县,
440229,翁源,440200,县,
440232,乳源,440200,自治县,瑶族
440233,新丰,440200,县,
440281,乐昌,440200,市,
440282,南雄,440200,市,
440300,深圳,440000,市,
440303,罗湖,440300,区,
440304,福田,440300,区,
440305,南山,440300,区,
440306,宝安,440300,区,
440307,龙岗,440300,区,
440308,盐田,440300,区,
440400,珠海,440000,市,
440402,香洲,440400,区,
440403,斗门,440400,区,
440404,金湾,440400,区,
440500,汕头,440000,市,
440507,龙湖,440500,区,
440511,金平,440500,区,
440512,濠江,440500,区,
440513,潮阳,440500,区,
440514,潮南,440500,区,
440515,澄海,440500,区,
440523,南澳,440500,县,
440600,佛山,440000,市,
440604,禅城,440600,区,
440605,南海,440600,区,
440606,顺德,440600,区,
440607,三水,440600,区,
440608,高明,440600,区,
440700,江门,440000,市,
440703,蓬江,440700,区,
440704,江海,440700,区,
440705,新会,440700,区,
440781,台山,440700,市,
440783,开平,440700,市,
440784,鹤山,440700,市,
440785,恩平,440700,市,
440800,湛江,440000,市,
440802,赤坎,440800,区,
440803,霞山,440800,区,
440804,坡头,440800,区,
440811,麻章,440800,区,
440823,遂溪,440800,县,
440825,徐闻,440800,县,
440881,廉江,440800,市,
440882,雷州,440800,市,
440883,吴川,440800,市,
440900,茂名,440000,市,
440902,茂南,440900,区,
440903,茂港,440900,区,
440923,电白,440900,县,
440981,高州,440900,市,
440982,化州,440900,市,
440983,信宜,440900,市,
441200,肇庆,440000,市,
441202,端州,441200,区,
441203,鼎湖,441200,区,
441223,广宁,441200,县,
441224,怀集,441200,县,
441225,封开,441200,县,
441226,德庆,441200,县,
441283,高要,441200,市,
441284,四会,441200,市,
441300,惠州,440000,市,
441302,惠城,441300,区,
441303,惠阳,441300,区,
441322,博罗,441300,县,
441323,惠东,441300,县,
441324,龙门,441300,县,
441400,梅州,440000,市,
441402,梅江,441400,区,
441421,梅县,441400,,
441422,大埔,441400,县,
441423,丰顺,441400,县,
441424,五华,441400,县,
441426,平远,441400,县,
441427,蕉岭,441400,县,
441481,兴宁,441400,市,
441500,汕尾,440000,市,
441502,城区,441500,,
441521,海丰,441500,县,
441523,陆河,441500,县,
441581,陆丰,441500,市,
441600,河源,440000,市,
441602,源城,441600,区,
441621,紫金,441600,县,
441622,龙川,441600,县,
441623,连平,441600,县,
441624,和平,441600,县,
441625,东源,441600,县,
441700,阳江,440000,市,
441702,江城,441700,区,
441721,阳西,441700,县,
441723,阳东,441700,县,
441781,阳春,441700,市,
441800,清远,440000,市,
441802,清城,441800,区,
441821,佛冈,441800,县,
441823,阳山,441800,县,
441825,连山,441800,自治县,壮族瑶族
441826,连南,441800,自治县,瑶族
441827,清新,441800,县,
441881,英德,441800,市,
441882,连州,441800,市,
441900,东莞,440000,市,
442000,中山,440000,市,
445100,潮州,440000,市,
445102,湘桥,445100,区,
445121,潮安,445100,县,
445122,饶平,445100,县,
445200,揭阳,440000,市,
445202,榕城,445200,区,
445221,揭东,445200,县,
445222,揭西,445200,县,
445224,惠来,445200,县,
445281,普宁,445200,市,
445300,云浮,440000,市,
445302,云城,445300,区,
445321,新兴,445300,县,
445322,郁南,445300,县,
445323,云安,445300,县,
445381,罗定,445300,市,
450000,广西,,自治区,壮族
450100,南宁,450000,市,
450102,兴宁,450100,区,
450103,青秀,450100,区,
450105,江南,450100,区,
450107,西乡塘,450100,区,
450108,良庆,450100,区,
450109,邕宁,450100,区,
450122,武鸣,450100,县,
450123,隆安,450100,县,
450124,马山,450100,县,
450125,上林,450100,县,
450126,宾阳,450100,县,
450127,横县,450100,,
450200,柳州,450000,市,
450202,城中,450200,区,
450203,鱼峰,450200,区,
450204,柳南,450200,区,
450205,柳北,450200,区,
450221,柳江,450200,县,
450222,柳城,450200,县,
450223,鹿寨,450200,县,
450224,融安,450200,县,
450225,融水,450200,自治县,苗族
450226,三江,450200,自治县,侗族
450300,桂林,450000,市,
450302,秀峰,450300,区,
450303,叠彩,450300,区,
450304,象山,450300,区,
450305,七星,450300,区,
450311,雁山,450300,区,
450321,阳朔,450300,县,
450322,临桂,450300,县,
450323,灵川,450300,县,
450324,全州,450300,县,
450325,兴安,450300,县,
450326,永福,450300,县,
450327,灌阳,450300,县,
450328,龙胜,450300,自治县,各族
450329,资源,450300,县,
450330,平乐,450300,县,
450331,荔蒲,450300,县,
450332,恭城,450300,自治县,瑶族
450400,梧州,450000,市,
450403,万秀,450400,区,
450404,蝶山,450400,区,
450405,长洲,450400,区,
450421,苍梧,450400,县,
450422,藤县,450400,,
450423,蒙山,450400,县,
450481,岑溪,450400,市,
450500,北海,450000,市,
450502,海城,450500,区,
450503,银海,450500,区,
450512,铁山港,450500,区,
450521,合浦,450500,县,
450600,防城港,450000,市,
450602,港口,450600,区,
450603,防城,450600,区,
450621,上思,450600,县,
450681,东兴,450600,市,
450700,钦州,450000,市,
450702,钦南,450700,区,
450703,钦北,450700,区,
450721,灵山,450700,县,
450722,浦北,450700,县,
450800,贵港,450000,市,
450802,港北,450800,区,
450803,港南,450800,区,
450804,覃塘,450800,区,
450821,平南,450800,县,
450881,桂平,450800,市,
450900,玉林,450000,市,
450902,玉州,450900,区,
450921,容县,450900,,
450922,陆川,450900,县,
450923,博白,450900,县,
450924,兴业,450900,县,
450981,北流,450900,市,
451000,百色,450000,市,
451002,右江,451000,区,
451021,田阳,451000,县,
451022,田东,451000,县,
451023,平果,451000,县,
451024,德保,451000,县,
451025,靖西,451000,县,
451026,那坡,451000,县,
451027,凌云,451000,县,
451028,乐业,451000,县,
451029,田林,451000,县,
451030,西林,451000,县,
451031,隆林,451000,自治县,各族
451100,贺州,450000,市,
451102,八步,451100,区,
451121,昭平,451100,县,
451122,钟山,451100,县,
451123,富川,451100,自治县,瑶族
451200,河池,450000,市,
451202,金城江,451200,区,
451221,南丹,451200,县,
451222,天峨,451200,县,
451223,凤山,451200,县,
451224,东兰,451200,县,
451225,罗城,451200,自治县,仫佬族
451226,环江,451200,自治县,毛南族
451227,巴马,451200,自治县,瑶族
451228,都安,451200,自治县,瑶族
451229,大化,451200,自治县,瑶族
451281,宜州,451200,市,
451300,来宾,450000,市,
451302,兴宾,451300,区,
451321,忻城,451300,县,
451322,象州,451300,县,
451323,武宣,451300,县,
451324,金秀,451300,自治县,瑶族
451381,合山,451300,市,
451400,崇左,450000,市,
451402,江洲,451400,区,
451421,扶绥,451400,县,
451422,宁明,451400,县,
451423,龙州,451400,县,
451424,大新,451400,县,
451425,天等,451400,县,
451481,凭祥,451400,市,
460000,海南,,省,
460100,海口,460000,市,
460105,秀英,460100,区,
460106,龙华,460100,区,
460107,琼山,460100,区,
460108,美兰,460100,区,
460200,三亚,460000,市,
469001,五指山,460000,市,
469002,琼海,460000,市,
469003,儋州,460000,市,
469005,文昌,460000,市,
469006,万宁,460000,市,
469007,东方,460000,市,
469021,定安,460000,县,
469022,屯昌,460000,县,
469023,澄迈,460000,县,
469024,临高,460000,县,
469025,白沙,460000,自治县,黎族
469026,昌江,460000,自治县,黎族
469027,乐东,460000,自治县,黎族
469028,陵水,460000,自治县,黎族
469029,保亭,460000,自治县,黎族苗族
469030,琼中,460000,自治县,黎族苗族
469031,西沙,460000,群岛,
469032,南沙,460000,群岛,
469033,中沙,460000,群岛,
500000,重庆,,市,
500101,万州,500000,区,
500102,涪陵,500000,区,
500103,渝中,500000,区,
500104,大渡口,500000,区,
500105,江北,500000,区,
500106,沙坪坝,500000,区,
500107,九龙坡,500000,区,
500108,南岸,500000,区,
500109,北碚,500000,区,
500110,万盛,500000,区,
500111,双桥,500000,区,
500112,渝北,500000,区,
500113,巴南,500000,区,
500114,黔江,500000,区,
500115,长寿,500000,区,
500116,江津,500000,区,
500117,合川,500000,区,
500118,永川,500000,区,
500119,南川,500000,区,
500222,綦江,500000,县,
500223,潼南,500000,县,
500224,铜梁,500000,县,
500225,大足,500000,县,
500226,荣昌,500000,县,
500227,璧山,500000,县,
500228,梁平,500000,县,
500229,城口,500000,县,
500230,丰都,500000,县,
500231,垫江,500000,县,
500232,武隆,500000,县,
500233,忠县,500000,,
500234,开县,500000,,
500235,云阳,500000,县,
500236,奉节,500000,县,
500237,巫山,500000,县,
500238,巫溪,500000,县,
500240,石柱,500000,自治县,土家族
500241,秀山,500000,自治县,土家族苗族
500242,酉阳,500000,自治县,土家族苗族
500243,彭水,500000,自治县,苗族土家族
510000,四川,,省,
510100,成都,510000,市,
510104,锦江,510100,区,
510105,青羊,510100,区,
510106,金牛,510100,区,
510107,武侯,510100,区,
510108,成华,510100,区,
510112,龙泉驿,510100,区,
510113,青白江,510100,区,
510114,新都,510100,区,
510115,温江,510100,区,
510121,金堂,510100,县,
510122,双流,510100,县,
510124,郫县,510100,,
510129,大邑,510100,县,
510131,蒲江,510100,县,
510132,新津,510100,县,
510181,都江堰,510100,市,
510182,彭州,510100,市,
510183,邛崃,510100,市,
510184,崇州,510100,市,
510300,自贡,510000,市,
510302,自流井,510300,区,
510303,贡井,510300,区,
510304,大安,510300,区,
510311,沿滩,510300,区,
510321,荣县,510300,,
510322,富顺,510300,县,
510400,攀枝花,510000,市,
510402,东区,510400,,
510403,西区,510400,,
510411,仁和,510400,区,
510421,米易,510400,县,
510422,盐边,510400,县,
510500,泸州,510000,市,
510502,江阳,510500,区,
510503,纳溪,510500,区,
510504,龙马潭,510500,区,
510521,泸县,510500,,
510522,合江,510500,县,
510524,叙永,510500,县,
510525,古蔺,510500,县,
510600,德阳,510000,市,
510603,旌阳,510600,区,
510623,中江,510600,县,
510626,罗江,510600,县,
510681,广汉,510600,市,
510682,什邡,510600,市,
510683,绵竹,510600,市,
510700,绵阳,510000,市,
510703,涪城,510700,区,
510704,游仙,510700,区,
510722,三台,510700,县,
510723,盐亭,510700,县,
510724,安县,510700,,
510725,梓潼,510700,县,
510726,北川,510700,自治县,羌族
510727,平武,510700,县,
510781,江油,510700,市,
510800,广元,510000,市,
510802,市中,510800,区,
510811,元坝,510800,区,
510812,朝天,510800,区,
510821,旺苍,510800,县,
510822,青川,510800,县,
510823,剑阁,510800,县,
510824,苍溪,510800,县,
510900,遂宁,510000,市,
510903,船山,510900,区,
510904,安居,510900,区,
510921,蓬溪,510900,县,
510922,射洪,510900,县,
510923,大英,510900,县,
511000,内江,510000,市,
511002,市中,511000,区,
511011,东兴,511000,区,
511024,威远,511000,县,
511025,资中,511000,县,
511028,隆昌,511000,县,
511100,乐山,510000,市,
511102,市中,511100,区,
511111,沙湾,511100,区,
511112,五通桥,511100,区,
511113,金口河,511100,区,
511123,犍为,511100,县,
511124,井研,511100,县,
511126,夹江,511100,县,
511129,沐川,511100,县,
511132,峨边,511100,自治县,彝族
511133,马边,511100,自治县,彝族
511181,峨眉山,511100,市,
511300,南充,510000,市,
511302,顺庆,511300,区,
511303,高坪,511300,区,
511304,嘉陵,511300,区,
511321,南部,511300,县,
511322,营山,511300,县,
511323,蓬安,511300,县,
511324,仪陇,511300,县,
511325,西充,511300,县,
511381,阆中,511300,市,
511400,眉山,510000,市,
511402,东坡,511400,区,
511421,仁寿,511400,县,
511422,彭山,511400,县,
511423,洪雅,511400,县,
511424,丹棱,511400,县,
511425,青神,511400,县,
511500,宜宾,510000,市,
511502,翠屏,511500,区,
511521,宜宾,511500,县,
511522,南溪,511500,县,
511523,江安,511500,县,
511524,长宁,511500,县,
511525,高县,511500,,
511526,珙县,511500,,
511527,筠连,511500,县,
511528,兴文,511500,县,
511529,屏山,511500,县,
511600,广安,510000,市,
511602,广安,511600,区,
511621,岳池,511600,县,
511622,武胜,511600,县,
511623,邻水,511600,县,
511681,华蓥,511600,市,
511700,达州,510000,市,
511702,通川,511700,区,
511721,达县,511700,,
511722,宣汉,511700,县,
511723,开江,511700,县,
511724,大竹,511700,县,
511725,渠县,511700,,
511781,万源,511700,市,
511800,雅安,510000,市,
511802,雨城,511800,区,
511821,名山,511800,县,
511822,荥经,511800,县,
511823,汉源,511800,县,
511824,石棉,511800,县,
511825,天全,511800,县,
511826,芦山,511800,县,
511827,宝兴,511800,县,
511900,巴中,510000,市,
511902,巴州,511900,区,
511921,通江,511900,县,
511922,南江,511900,县,
511923,平昌,511900,县,
512000,资阳,510000,市,
512002,雁江,512000,区,
512021,安岳,512000,县,
512022,乐至,512000,县,
512081,简阳,512000,市,
513200,阿坝,510000,自治州,藏族羌族
513221,汶川,513200,县,
513222,理县,513200,,
513223,茂县,513200,,
513224,松潘,513200,县,
513225,九寨沟,513200,县,
513226,金川,513200,县,
513227,小金,513200,县,
513228,黑水,513200,县,
513229,马尔康,513200,县,
513230,壤塘,513200,县,
513231,阿坝,513200,县,
513232,若尔盖,513200,县,
513233,红原,513200,县,
513300,甘孜,510000,自治州,藏族
513321,康定,513300,县,
513322,泸定,513300,县,
513323,丹巴,513300,县,
513324,九龙,513300,县,
513325,雅江,513300,县,
513326,道孚,513300,县,
513327,炉霍,513300,县,
513328,甘孜,513300,县,
513329,新龙,513300,县,
513330,德格,513300,县,
513331,白玉,513300,县,
513332,石渠,513300,县,
513333,色达,513300,县,
513334,理塘,513300,县,
513335,巴塘,513300,县,
513336,乡城,513300,县,
513337,稻城,513300,县,
513338,得荣,513300,县,
513400,凉山,510000,自治州,彝族
513401,西昌,513400,市,
513422,木里,513400,自治县,藏族
513423,盐源,513400,县,
513424,德昌,513400,县,
513425,会理,513400,县,
513426,会东,513400,县,
513427,宁南,513400,县,
513428,普格,513400,县,
513429,布拖,513400,县,
513430,金阳,513400,县,
513431,昭觉,513400,县,
513432,喜德,513400,县,
513433,冕宁,513400,县,
513434,越西,513400,县,
513435,甘洛,513400,县,
513436,美姑,513400,县,
513437,雷波,513400,县,
520000,贵州,,省,
520100,贵阳,520000,市,
520102,南明,520100,区,
520103,云岩,520100,区,
520111,花溪,520100,区,
520112,乌当,520100,区,
520113,白云,520100,区,
520114,小河,520100,区,
520121,开阳,520100,县,
520122,息烽,520100,县,
520123,修文,520100,县,
520181,清镇,520100,市,
520200,六盘水,520000,市,
520201,钟山,520200,区,
520203,六枝,520200,特区,
520221,水城,520200,县,
520222,盘县,520200,,
520300,遵义,520000,市,
520302,红花岗,520300,区,
520303,汇川,520300,区,
520321,遵义,520300,县,
520322,桐梓,520300,县,
520323,绥阳,520300,县,
520324,正安,520300,县,
520325,道真,520300,自治县,仡佬族苗族
520326,务川,520300,自治县,仡佬族苗族
520327,凤冈,520300,县,
520328,湄潭,520300,县,
520329,余庆,520300,县,
520330,习水,520300,县,
520381,赤水,520300,市,
520382,仁怀,520300,市,
520400,安顺,520000,市,
520402,西秀,520400,区,
520421,平坝,520400,县,
520422,普定,520400,县,
520423,镇宁,520400,自治县,布依族苗族
520424,关岭,520400,自治县,布依族苗族
520425,紫云,520400,自治县,苗族布依族
522200,铜仁,520000,地区,
522201,铜仁,522200,市,
522222,江口,522200,县,
522223,玉屏,522200,自治县,侗族
522224,石阡,522200,县,
522225,思南,522200,县,
522226,印江,522200,自治县,土家族苗族
522227,德江,522200,县,
522228,沿河,522200,自治县,土家族
522229,松桃,522200,自治县,苗族
522230,万山,522200,特区,
522300,黔西南,520000,自治州,布依族苗族
522301,兴义,522300,市,
522322,兴仁,522300,县,
522323,普安,522300,县,
522324,晴隆,522300,县,
522325,贞丰,522300,县,
522326,望谟,522300,县,
522327,册亨,522300,县,
522328,安龙,522300,县,
522400,毕节,520000,地区,
522401,毕节,522400,市,
522422,大方,522400,县,
522423,黔西,522400,县,
522424,金沙,522400,县,
522425,织金,522400,县,
522426,纳雍,522400,县,
522427,威宁,522400,自治县,彝族回族苗族
522428,赫章,522400,县,
522600,黔东南,520000,自治州,苗族侗族
522601,凯里,522600,市,
522622,黄平,522600,县,
522623,施秉,522600,县,
522624,三穗,522600,县,
522625,镇远,522600,县,
522626,岑巩,522600,县,
522627,天柱,522600,县,
522628,锦屏,522600,县,
522629,剑河,522600,县,
522630,台江,522600,县,
522631,黎平,522600,县,
522632,榕江,522600,县,
522633,从江,522600,县,
522634,雷山,522600,县,
522635,麻江,522600,县,
522636,丹寨,522600,县,
522700,黔南,520000,自治州,布依族苗族
522701,都匀,522700,市,
522702,福泉,522700,市,
522722,荔波,522700,县,
522723,贵定,522700,县,
522725,瓮安,522700,县,
522726,独山,522700,县,
522727,平塘,522700,县,
522728,罗甸,522700,县,
522729,长顺,522700,县,
522730,龙里,522700,县,
522731,惠水,522700,县,
522732,三都,522700,自治县,水族
530000,云南,,省,
530100,昆明,530000,市,
530102,五华,530100,区,
530103,盘龙,530100,区,
530111,官渡,530100,区,
530112,西山,530100,区,
530113,东川,530100,区,
530121,呈贡,530100,县,
530122,晋宁,530100,县,
530124,富民,530100,县,
530125,宜良,530100,县,
530126,石林,530100,自治县,彝族
530127,嵩明,530100,县,
530128,禄劝,530100,自治县,彝族苗族
530129,寻甸,530100,自治县,回族彝族
530181,安宁,530100,市,
530300,曲靖,530000,市,
530302,麒麟,530300,区,
530321,马龙,530300,县,
530322,陆良,530300,县,
530323,师宗,530300,县,
530324,罗平,530300,县,
530325,富源,530300,县,
530326,会泽,530300,县,
530328,沾益,530300,县,
530381,宣威,530300,市,
530400,玉溪,530000,市,
530402,红塔,530400,区,
530421,江川,530400,县,
530422,澄江,530400,县,
530423,通海,530400,县,
530424,华宁,530400,县,
530425,易门,530400,县,
530426,峨山,530400,自治县,彝族
530427,新平,530400,自治县,彝族傣族
530428,元江,530400,自治县,哈尼族彝族傣族
530500,保山,530000,市,
530502,隆阳,530500,区,
530521,施甸,530500,县,
530522,腾冲,530500,县,
530523,龙陵,530500,县,
530524,昌宁,530500,县,
530600,昭通,530000,市,
530602,昭阳,530600,区,
530621,鲁甸,530600,县,
530622,巧家,530600,县,
530623,盐津,530600,县,
530624,大关,530600,县,
530625,永善,530600,县,
530626,绥江,530600,县,
530627,镇雄,530600,县,
530628,彝良,530600,县,
530629,威信,530600,县,
530630,水富,530600,县,
530700,丽江,530000,市,
530702,古城,530700,区,
530721,玉龙,530700,自治县,纳西族
530722,永胜,530700,县,
530723,华坪,530700,县,
530724,宁蒗,530700,自治县,彝族
530800,普洱,530000,市,
530802,思茅,530800,区,
530821,宁洱,530800,自治县,哈尼族彝族
530822,墨江,530800,自治县,哈尼族
530823,景东,530800,自治县,彝族
530824,景谷,530800,自治县,傣族彝族
530825,镇沅,530800,自治县,彝族哈尼族拉祜族
530826,江城,530800,自治县,哈尼族彝族
530827,孟连,530800,自治县,傣族拉祜族佤族
530828,澜沧,530800,自治县,拉祜族
530829,西盟,530800,自治县,佤族
530900,临沧,530000,市,
530902,临翔,530900,区,
530921,凤庆,530900,县,
530922,云县,530900,,
530923,永德,530900,县,
530924,镇康,530900,县,
530925,双江,530900,自治县,拉祜族佤族布朗族傣族
530926,耿马,530900,自治县,傣族佤族
530927,沧源,530900,自治县,佤族
532300,楚雄,530000,自治州,彝族
532301,楚雄,532300,市,
532322,双柏,532300,县,
532323,牟定,532300,县,
532324,南华,532300,县,
532325,姚安,532300,县,
532326,大姚,532300,县,
532327,永仁,532300,县,
532328,元谋,532300,县,
532329,武定,532300,县,
532331,禄丰,532300,县,
532500,红河,530000,自治州,哈尼族彝族
532501,个旧,532500,市,
532502,开远,532500,市,
532522,蒙自,532500,县,
532523,屏边,532500,自治县,苗族
532524,建水,532500,县,
532525,石屏,532500,县,
532526,弥勒,532500,县,
532527,泸西,532500,县,
532528,元阳,532500,县,
532529,红河,532500,县,
532530,金平,532500,自治县,苗族瑶族傣族
532531,绿春,532500,县,
532532,河口,532500,自治县,瑶族
532600,文山,530000,自治州,壮族苗族
532621,文山,532600,县,
532622,砚山,532600,县,
532623,西畴,532600,县,
532624,麻栗坡,532600,县,
532625,马关,532600,县,
532626,丘北,532600,县,
532627,广南,532600,县,
532628,富宁,532600,县,
532800,西双版纳,530000,自治州,傣族
532801,景洪,532800,市,
532822,勐海,532800,县,
532823,勐腊,532800,县,
532900,大理,530000,自治州,白族
532901,大理,532900,市,
532922,漾濞,532900,自治县,彝族
532923,祥云,532900,县,
532924,宾川,532900,县,
532925,弥渡,532900,县,
532926,南涧,532900,自治县,彝族
532927,巍山,532900,自治县,彝族回族
532928,永平,532900,县,
532929,云龙,532900,县,
532930,洱源,532900,县,
532931,剑川,532900,县,
532932,鹤庆,532900,县,
533100,德宏,530000,自治州,傣族景颇族
533102,瑞丽,533100,市,
533103,潞西,533100,市,
533122,梁河,533100,县,
533123,盈江,533100,县,
533124,陇川,533100,县,
533300,怒江,530000,自治州,傈僳族
533321,泸水,533300,县,
533323,福贡,533300,县,
533324,贡山,533300,自治县,独龙族怒族
533325,兰坪,533300,自治县,白族普米族
533400,迪庆,530000,自治州,藏族
533421,香格里拉,533400,县,
533422,德钦,533400,县,
533423,维西,533400,自治县,傈僳族
540000,西藏,,自治区,
540100,拉萨,540000,市,
540102,城关,540100,区,
540121,林周,540100,县,
540122,当雄,540100,县,
540123,尼木,540100,县,
540124,曲水,540100,县,
540125,堆龙德庆,540100,县,
540126,达孜,540100,县,
540127,墨竹工卡,540100,县,
542100,昌都,540000,地区,
542121,昌都,542100,县,
542122,江达,542100,县,
542123,贡觉,542100,县,
542124,类乌齐,542100,县,
542125,丁青,542100,县,
542126,察雅,542100,县,
542127,八宿,542100,县,
542128,左贡,542100,县,
542129,芒康,542100,县,
542132,洛隆,542100,县,
542133,边坝,542100,县,
542200,山南,540000,地区,
542221,乃东,542200,县,
542222,扎囊,542200,县,
542223,贡嘎,542200,县,
542224,桑日,542200,县,
542225,琼结,542200,县,
542226,曲松,542200,县,
542227,措美,542200,县,
542228,洛扎,542200,县,
542229,加查,542200,县,
542231,隆子,542200,县,
542232,错那,542200,县,
542233,浪卡子,542200,县,
542300,日喀则,540000,地区,
542301,日喀则,542300,市,
542322,南木林,542300,县,
542323,江孜,542300,县,
542324,定日,542300,县,
542325,萨迦,542300,县,
542326,拉孜,542300,县,
542327,昂仁,542300,县,
542328,谢通门,542300,县,
542329,白朗,542300,县,
542330,仁布,542300,县,
542331,康马,542300,县,
542332,定结,542300,县,
542333,仲巴,542300,县,
542334,亚东,542300,县,
542335,吉隆,542300,县,
542336,聂拉木,542300,县,
542337,萨嘎,542300,县,
542338,岗巴,542300,县,
542400,那曲,540000,地区,
542421,那曲,542400,县,
542422,嘉黎,542400,县,
542423,比如,542400,县,
542424,聂荣,542400,县,
542425,安多,542400,县,
542426,申扎,542400,县,
542427,索县,542400,,
542428,班戈,542400,县,
542429,巴青,542400,县,
542430,尼玛,542400,县,
542500,阿里,540000,地区,
542521,普兰,542500,县,
542522,札达,542500,县,
542523,噶尔,542500,县,
542524,日土,542500,县,
542525,革吉,542500,县,
542526,改则,542500,县,
542527,措勤,542500,县,
542600,林芝,540000,地区,
542621,林芝,542600,县,
542622,工布江达,542600,县,
542623,米林,542600,县,
542624,墨脱,542600,县,
542625,波密,542600,县,
542626,察隅,542600,县,
542627,朗县,542600,,
610000,陕西,,省,
610100,西安,610000,市,
610102,新城,610100,区,
610103,碑林,610100,区,
610104,莲湖,610100,区,
610111,灞桥,610100,区,
610112,未央,610100,区,
610113,雁塔,610100,区,
610114,阎良,610100,区,
610115,临潼,610100,区,
610116,长安,610100,区,
610122,蓝田,610100,县,
610124,周至,610100,县,
610125,户县,610100,,
610126,高陵,610100,县,
610200,铜川,610000,市,
610202,王益,610200,区,
610203,印台,610200,区,
610204,耀州,610200,区,
610222,宜君,610200,县,
610300,宝鸡,610000,市,
610302,渭滨,610300,区,
610303,金台,610300,区,
610304,陈仓,610300,区,
610322,凤翔,610300,县,
610323,岐山,610300,县,
610324,扶风,610300,县,
610326,眉县,610300,,
610327,陇县,610300,,
610328,千阳,610300,县,
610329,麟游,610300,县,
610330,凤县,610300,,
610331,太白,610300,县,
610400,咸阳,610000,市,
610402,秦都,610400,区,
610403,杨凌,610400,区,
610404,渭城,610400,区,
610422,三原,610400,县,
610423,泾阳,610400,县,
610424,乾县,610400,,
610425,礼泉,610400,县,
610426,永寿,610400,县,
610427,彬县,610400,,
610428,长武,610400,县,
610429,旬邑,610400,县,
610430,淳化,610400,县,
610431,武功,610400,县,
610481,兴平,610400,市,
610500,渭南,610000,市,
610502,临渭,610500,区,
610521,华县,610500,,
610522,潼关,610500,县,
610523,大荔,610500,县,
610524,合阳,610500,县,
610525,澄城,610500,县,
610526,蒲城,610500,县,
610527,白水,610500,县,
610528,富平,610500,县,
610581,韩城,610500,市,
610582,华阴,610500,市,
610600,延安,610000,市,
610602,宝塔,610600,区,
610621,延长,610600,县,
610622,延川,610600,县,
610623,子长,610600,县,
610624,安塞,610600,县,
610625,志丹,610600,县,
610626,吴起,610600,县,
610627,甘泉,610600,县,
610628,富县,610600,,
610629,洛川,610600,县,
610630,宜川,610600,县,
610631,黄龙,610600,县,
610632,黄陵,610600,县,
610700,汉中,610000,市,
610702,汉台,610700,区,
610721,南郑,610700,县,
610722,城固,610700,县,
610723,洋县,610700,,
610724,西乡,610700,县,
610725,勉县,610700,,
610726,宁强,610700,县,
610727,略阳,610700,县,
610728,镇巴,610700,县,
610729,留坝,610700,县,
610730,佛坪,610700,县,
610800,榆林,610000,市,
610802,榆阳,610800,区,
610821,神木,610800,县,
610822,府谷,610800,县,
610823,横山,610800,县,
610824,靖边,610800,县,
610825,定边,610800,县,
610826,绥德,610800,县,
610827,米脂,610800,县,
610828,佳县,610800,,
610829,吴堡,610800,县,
610830,清涧,610800,县,
610831,子洲,610800,县,
610900,安康,610000,市,
610902,汉滨,610900,区,
610921,汉阴,610900,县,
610922,石泉,610900,县,
610923,宁陕,610900,县,
610924,紫阳,610900,县,
610925,岚皋,610900,县,
610926,平利,610900,县,
610927,镇坪,610900,县,
610928,旬阳,610900,县,
610929,白河,610900,县,
611000,商洛,610000,市,
611002,商州,611000,区,
611021,洛南,611000,县,
611022,丹凤,611000,县,
611023,商南,611000,县,
611024,山阳,611000,县,
611025,镇安,611000,县,
611026,柞水,611000,县,
620000,甘肃,,省,
620100,兰州,620000,市,
620102,城关,620100,区,
620103,七里河,620100,区,
620104,西固,620100,区,
620105,安宁,620100,区,
620111,红古,620100,区,
620121,永登,620100,县,
620122,皋兰,620100,县,
620123,榆中,620100,县,
620200,嘉峪关,620000,市,
620300,金昌,620000,市,
620302,金川,620300,区,
620321,永昌,620300,县,
620400,白银,620000,市,
620402,白银,620400,区,
620403,平川,620400,区,
620421,靖远,620400,县,
620422,会宁,620400,县,
620423,景泰,620400,县,
620500,天水,620000,市,
620502,秦州,620500,区,
620503,麦积,620500,区,
620521,清水,620500,县,
620522,秦安,620500,县,
620523,甘谷,620500,县,
620524,武山,620500,县,
620525,张家川,620500,自治县,回族
620600,武威,620000,市,
620602,凉州,620600,区,
620621,民勤,620600,县,
620622,古浪,620600,县,
620623,天祝,620600,自治县,藏族
620700,张掖,620000,市,
620702,甘州,620700,区,
620721,肃南,620700,自治县,裕固族
620722,民乐,620700,县,
620723,临泽,620700,县,
620724,高台,620700,县,
620725,山丹,620700,县,
620800,平凉,620000,市,
620802,崆峒,620800,区,
620821,泾川,620800,县,
620822,灵台,620800,县,
620823,崇信,620800,县,
620824,华亭,620800,县,
620825,庄浪,620800,县,
620826,静宁,620800,县,
620900,酒泉,620000,市,
620902,肃州,620900,区,
620921,金塔,620900,县,
620922,瓜州,620900,县,
620923,肃北,620900,自治县,蒙古族
620924,阿克塞,620900,自治县,哈萨克族
620981,玉门,620900,市,
620982,敦煌,620900,市,
621000,庆阳,620000,市,
621002,西峰,621000,区,
621021,庆城,621000,县,
621022,环县,621000,,
621023,华池,621000,县,
621024,合水,621000,县,
621025,正宁,621000,县,
621026,宁县,621000,,
621027,镇原,621000,县,
621100,定西,620000,市,
621102,安定,621100,区,
621121,通渭,621100,县,
621122,陇西,621100,县,
621123,渭源,621100,县,
621124,临洮,621100,县,
621125,漳县,621100,,
621126,岷县,621100,,
621200,陇南,620000,市,
621202,武都,621200,区,
621221,成县,621200,,
621222,文县,621200,,
621223,宕昌,621200,县,
621224,康县,621200,,
621225,西和,621200,县,
621226,礼县,621200,,
621227,徽县,621200,,
621228,两当,621200,县,
622900,临夏,620000,自治州,回族
622901,临夏,622900,市,
622921,临夏,622900,县,
622922,康乐,622900,县,
622923,永靖,622900,县,
622924,广河,622900,县,
622925,和政,622900,县,
622926,东乡族,622900,自治县,
622927,积石山,622900,自治县,保安族东乡族撒拉族
623000,甘南,620000,自治州,藏族
623001,合作,623000,市,
623021,临潭,623000,县,
623022,卓尼,623000,县,
623023,舟曲,623000,县,
623024,迭部,623000,县,
623025,玛曲,623000,县,
623026,碌曲,623000,县,
623027,夏河,623000,县,
630000,青海,,省,
630100,西宁,630000,市,
630102,城东,630100,区,
630103,城中,630100,区,
630104,城西,630100,区,
630105,城北,630100,区,
630121,大通,630100,自治县,回族土族
630122,湟中,630100,县,
630123,湟源,630100,县,
632100,海东,630000,地区,
632121,平安,632100,县,
632122,民和,632100,自治县,回族土族
632123,乐都,632100,县,
632126,互助,632100,自治县,土族
632127,化隆,632100,自治县,回族
632128,循化,632100,自治县,撒拉族
632200,海北,630000,自治州,藏族
632221,门源,632200,自治县,回族
632222,祁连,632200,县,
632223,海晏,632200,县,
632224,刚察,632200,县,
632300,黄南,630000,自治州,藏族
632321,同仁,632300,县,
632322,尖扎,632300,县,
632323,泽库,632300,县,
632324,河南,632300,自治县,蒙古族
632500,海南,630000,自治州,藏族
632521,共和,632500,县,
632522,同德,632500,县,
632523,贵德,632500,县,
632524,兴海,632500,县,
632525,贵南,632500,县,
632600,果洛,630000,自治州,藏族
632621,玛沁,632600,县,
632622,班玛,632600,县,
632623,甘德,632600,县,
632624,达日,632600,县,
632625,久治,632600,县,
632626,玛多,632600,县,
632700,玉树,630000,自治州,藏族
632721,玉树,632700,县,
632722,杂多,632700,县,
632723,称多,632700,县,
632724,治多,632700,县,
632725,囊谦,632700,县,
632726,曲麻莱,632700,县,
632800,海西,630000,自治州,蒙古族藏族
632801,格尔木,632800,市,
632802,德令哈,632800,市,
632821,乌兰,632800,县,
632822,都兰,632800,县,
632823,天峻,632800,县,
640000,宁夏,,自治区,回族
640100,银川,640000,市,
640104,兴庆,640100,区,
640105,西夏,640100,区,
640106,金凤,640100,区,
640121,永宁,640100,县,
640122,贺兰,640100,县,
640181,灵武,640100,市,
640200,石嘴山,640000,市,
640202,大武口,640200,区,
640205,惠农,640200,区,
640221,平罗,640200,县,
640300,吴忠,640000,市,
640302,利通,640300,区,
640323,盐池,640300,县,
640324,同心,640300,县,
640381,青铜峡,640300,市,
640400,固原,640000,市,
640402,原州,640400,区,
640422,西吉,640400,县,
640423,隆德,640400,县,
640424,泾源,640400,县,
640425,彭阳,640400,县,
640500,中卫,640000,市,
640502,沙坡头,640500,区,
640521,中宁,640500,县,
640522,海原,640500,县,
650000,新疆,,自治区,维吾尔
650100,乌鲁木齐,650000,市,
650102,天山,650100,区,
650103,沙依巴克,650100,区,
650104,新市,650100,区,
650105,水磨沟,650100,区,
650106,头屯河,650100,区,
650107,达坂城,650100,区,
650109,米东,650100,区,
650121,乌鲁木齐,650100,县,
650200,克拉玛依,650000,市,
650202,独山子,650200,区,
650203,克拉玛依,650200,区,
650204,白碱滩,650200,区,
650205,乌尔禾,650200,区,
652100,吐鲁番,650000,地区,
652101,吐鲁番,652100,市,
652122,鄯善,652100,县,
652123,托克逊,652100,县,
652200,哈密,650000,地区,
652201,哈密,652200,市,
652222,巴里坤,652200,自治县,哈萨克
652223,伊吾,652200,县,
652300,昌吉,652200,自治州,回族
652301,昌吉,652200,市,
652302,阜康,652200,市,
652323,呼图壁,652200,县,
652324,玛纳斯,652200,县,
652325,奇台,652200,县,
652327,吉木萨尔,652200,县,
652328,木垒,652200,自治县,哈萨克
652700,博尔塔拉,650000,自治州,蒙古
652701,博乐,652700,市,
652722,精河,652700,县,
652723,温泉,652700,县,
652800,巴音郭楞,650000,自治州,蒙古
652801,库尔勒,652800,市,
652822,轮台,652800,县,
652823,尉犁,652800,县,
652824,若羌,652800,县,
652825,且末,652800,县,
652826,焉耆,652800,自治县,回族
652827,和静,652800,县,
652828,和硕,652800,县,
652829,博湖,652800,县,
652900,阿克苏,650000,地区,
652901,阿克苏,652900,市,
652922,温宿,652900,县,
652923,库车,652900,县,
652924,沙雅,652900,县,
652925,新和,652900,县,
652926,拜城,652900,县,
652927,乌什,652900,县,
652928,阿瓦提,652900,县,
652929,柯坪,652900,县,
653000,克孜勒苏,650000,自治州,柯尔克孜
653001,阿图什,653000,市,
653022,阿克陶,653000,县,
653023,阿合奇,653000,县,
653024,乌恰,653000,县,
653100,喀什,650000,地区,
653101,喀什,653100,市,
653121,疏附,653100,县,
653122,疏勒,653100,县,
653123,英吉沙,653100,县,
653124,泽普,653100,县,
653125,莎车,653100,县,
653126,叶城,653100,县,
653127,麦盖提,653100,县,
653128,岳普湖,653100,县,
653129,伽师,653100,县,
653130,巴楚,653100,县,
653131,塔什库尔干,653100,自治县,塔吉克
653200,和田,650000,地区,
653201,和田,653200,市,
653221,和田,653200,县,
653222,墨玉,653200,县,
653223,皮山,653200,县,
653224,洛浦,653200,县,
653225,策勒,653200,县,
653226,于田,653200,县,
653227,民丰,653200,县,
654000,伊犁,650000,自治州,哈萨克
654002,伊宁,654000,市,
654003,奎屯,654000,市,
654021,伊宁,654000,县,
654022,察布查尔,654000,自治县,锡伯
654023,霍城,654000,县,
654024,巩留,654000,县,
654025,新源,654000,县,
654026,昭苏,654000,县,
654027,特克斯,654000,县,
654028,尼勒克,654000,县,
654200,塔城,650000,地区,
654201,塔城,654200,市,
654202,乌苏,654200,市,
654221,额敏,654200,县,
654223,沙湾,654200,县,
654224,托里,654200,县,
654225,裕民,654200,县,
654226,和布克赛尔,654200,自治县,蒙古
654300,阿勒泰,650000,地区,
654301,阿勒泰,654300,市,
654321,布尔津,654300,县,
654322,富蕴,654300,县,
654323,福海,654300,县,
654324,哈巴河,654300,县,
654325,青河,654300,县,
654326,吉木乃,654300,县,
659001,石河子,650000,市,
659002,阿拉尔,650000,市,
659003,图木舒克,650000,市,
659004,五家渠,650000,市,
710000,台湾,,省,
810000,香港,,特别行政区,
820000,澳门,,特别行政区,
